"player_class","card_name","times_played","wins"
"DRUID","Shapeshift",742071,368264
"SHAMAN","Totemic Call",696637,333872
"WARLOCK","Life Tap",477786,231252
"ROGUE","Dagger Mastery",469123,211057
"MAGE","Fireblast",421557,200284
"PRIEST","Lesser Heal",336840,166758
"WARRIOR","Armor Up!",331203,121379
"DRUID","Jade Idol",324478,187164
"DRUID","Innervate",275532,149282
"DRUID","Wrath",274708,141384
"DRUID","Swipe",257976,137080
"SHAMAN","Totemic Call",245411,117468
"DRUID","Wild Growth",245309,128488
"SHAMAN","Jade Claws",243386,133421
"DRUID","Jade Blossom",230562,133197
"DRUID","Living Roots",220180,114389
"WARRIOR","Fiery War Axe",215034,114191
"SHAMAN","Jade Lightning",207460,114072
"DRUID","Nourish",206792,112926
"SHAMAN","Maelstrom Portal",206212,106595
"DRUID","Jade Behemoth",199033,112819
"DRUID","Azure Drake",195367,105662
"SHAMAN","Tunnel Trogg",193752,104585
"DRUID","Jade Spirit",192673,108249
"SHAMAN","Totem Golem",192664,98500
"DRUID","Feral Rage",188811,98660
"WARRIOR","N'Zoth's First Mate",186609,103465
"ROGUE","Backstab",180126,90191
"ROGUE","The Coin",162072,82861
"WARRIOR","Frothing Berserker",160403,82406
"ROGUE","Eviscerate",158332,81154
"SHAMAN","Hex",153455,73917
"ROGUE","Swashburglar",152734,77574
"WARRIOR","Kor'kron Elite",151447,79755
"SHAMAN","Azure Drake",151327,80235
"WARRIOR","Southsea Deckhand",147566,78389
"SHAMAN","Flametongue Totem",145300,84545
"PRIEST","Drakonid Operative",142579,79123
"WARRIOR","Bloodsail Raider",140576,75401
"SHAMAN","Jade Spirit",138028,75679
"WARRIOR","Upgrade!",137701,72890
"SHAMAN","Lightning Storm",135610,63821
"DRUID","The Coin",135089,68390
"SHAMAN","Mana Tide Totem",131973,71170
"SHAMAN","Thing from Below",131663,68641
"WARRIOR","The Coin",131565,72565
"DRUID","Raven Idol",131086,66048
"ROGUE","Azure Drake",129095,63315
"SHAMAN","The Coin",124444,60111
"WARRIOR","Dread Corsair",123697,67219
"WARRIOR","Bloodsail Cultist",122477,70633
"PRIEST","Lesser Heal",121975,61422
"PRIEST","Wyrmrest Agent",121149,62622
"PRIEST","Netherspite Historian",120822,63191
"PRIEST","Power Word: Shield",120111,62154
"PRIEST","Northshire Cleric",118228,62680
"PRIEST","Twilight Whelp",114622,60806
"PRIEST","Kabal Talonpriest",111935,61324
"PRIEST","Twilight Guardian",111196,56772
"SHAMAN","Lightning Bolt",111103,56161
"ROGUE","Tomb Pillager",110762,56655
"WARLOCK","Dark Peddler",106723,53444
"WARRIOR","Arcanite Reaper",106308,55658
"DRUID","Fandral Staghelm",105410,60554
"MAGE","Fireball",105187,58422
"WARRIOR","Heroic Strike",104517,54703
"ROGUE","Fan of Knives",104196,49699
"MAGE","Frostbolt",103497,52036
"SHAMAN","Feral Spirit",103280,49416
"ROGUE","Preparation",103140,55085
"SHAMAN","Jinyu Waterspeaker",102996,50844
"PALADIN","Reinforce",102868,45813
"PRIEST","Blackwing Corruptor",98102,53249
"WARLOCK","Imp Gang Boss",93989,47943
"PRIEST","Shadow Word: Pain",93219,46635
"SHAMAN","Jade Chieftain",93196,52603
"ROGUE","Cold Blood",92734,54122
"MAGE","Arcane Intellect",92331,44242
"DRUID","Aya Blackpaw",91437,59203
"WARRIOR","Sir Finley Mrrgglton",91048,49459
"DRUID","Gadgetzan Auctioneer",88471,52641
"DRUID","Ancient of War",87516,45455
"PRIEST","Shadow Word: Death",85603,40661
"DRUID","Excess Mana",80321,44959
"ROGUE","SI:7 Agent",80237,39635
"WARLOCK","The Coin",79472,38659
"WARLOCK","Voidwalker",77623,37681
"SHAMAN","Aya Blackpaw",75699,45739
"PRIEST","Azure Drake",75504,37884
"ROGUE","Edwin VanCleef",75161,41932
"WARLOCK","Mortal Coil",73429,38168
"WARRIOR","Southsea Captain",73167,40181
"ROGUE","Sap",72466,34750
"PRIEST","The Coin",71599,35504
"MAGE","Forgotten Torch",68776,33328
"ROGUE","Gadgetzan Auctioneer",68571,35775
"MAGE","The Coin",68123,33616
"HUNTER","Steady Shot",67519,28215
"WARRIOR","Small-Time Buccaneer",67002,31968
"SHAMAN","Bloodmage Thalnos",66937,34146
"MAGE","Arcane Blast",65863,32751
"ROGUE","Counterfeit Coin",65774,34975
"DRUID","Druid of the Claw",64926,32339
"DRUID","Mulch",64683,31225
"ROGUE","Southsea Deckhand",61015,32161
"MAGE","Mana Wyrm",60145,30273
"WARLOCK","Soulfire",59738,30452
"MAGE","Babbling Book",59368,27860
"WARLOCK","Defender of Argus",59318,32452
"MAGE","Azure Drake",58600,29363
"WARLOCK","Kazakus",57856,32108
"SHAMAN","Brann Bronzebeard",57837,33624
"WARLOCK","Flame Imp",57749,28277
"SHAMAN","Devolve",57437,25310
"WARLOCK","Twilight Drake",55850,31064
"WARLOCK","Malchezaar's Imp",55704,28086
"PRIEST","Brann Bronzebeard",55615,30265
"WARRIOR","Mortal Strike",54206,29250
"PRIEST","Holy Nova",53873,28068
"WARLOCK","Shadow Bolt",53767,27501
"WARLOCK","Possessed Villager",53280,25229
"MAGE","Firelands Portal",53173,27320
"ROGUE","Conceal",51749,27539
"WARRIOR","Steady Shot",50672,25695
"DRUID","Brann Bronzebeard",50181,30201
"WARLOCK","Acidic Swamp Ooze",50168,25797
"MAGE","Arcane Missiles",49949,24748
"WARLOCK","Mistress of Mixtures",48728,24938
"MAGE","Fireblast",48201,22762
"MAGE","Sorcerer's Apprentice",47414,23401
"MAGE","Bloodmage Thalnos",46978,23456
"WARLOCK","Power Overwhelming",46771,29544
"WARLOCK","Doomsayer",46698,23042
"WARRIOR","Tank Up!",46505,22232
"MAGE","Flamewaker",45819,23376
"WARLOCK","Darkshire Councilman",45770,22543
"ROGUE","Questing Adventurer",45397,24266
"WARLOCK","Brann Bronzebeard",44612,25102
"MAGE","Doomsayer",44232,21204
"MAGE","Water Elemental",43880,21693
"WARLOCK","Dirty Rat",43733,22657
"WARRIOR","Alexstrasza's Champion",43623,23608
"WARLOCK","Earthen Ring Farseer",42846,22845
"WARLOCK","Mountain Giant",42763,25479
"WARLOCK","Second-Rate Bruiser",42612,21969
"WARLOCK","Refreshment Vendor",42286,22121
"ROGUE","Jade Shuriken",42269,21409
"MAGE","Ice Block",42182,18236
"WARLOCK","Reno Jackson",41894,26413
"WARLOCK","Hellfire",41139,21628
"SHAMAN","Flamewreathed Faceless",40709,19507
"WARLOCK","Emperor Thaurissan",40191,24873
"MAGE","Blizzard",40024,18334
"WARRIOR","Naga Corsair",39660,21028
"WARLOCK","Dire Wolf Alpha",39182,19795
"WARRIOR","Life Tap",38634,18812
"WARLOCK","Doomguard",38633,19788
"WARRIOR","Fierce Monkey",38315,17640
"MAGE","Flamestrike",38203,18612
"PRIEST","Dragonfire Potion",37851,16863
"WARLOCK","Siphon Soul",37792,19986
"ROGUE","Bluegill Warrior",37619,19860
"PALADIN","Truesilver Champion",37412,18374
"PRIEST","Book Wyrm",37204,19935
"WARLOCK","INFERNO!",36773,25983
"WARRIOR","Fireblast",36658,16437
"WARLOCK","Abyssal Enforcer",36541,21840
"ROGUE","Bloodmage Thalnos",36259,17768
"WARRIOR","Twilight Guardian",35959,17275
"WARLOCK","Demonwrath",35460,17716
"MAGE","Acolyte of Pain",34855,17353
"WARLOCK","Knife Juggler",34783,16608
"SHAMAN","Spirit Claws",34219,16050
"PRIEST","Potion of Madness",34215,17360
"MAGE","Mirror Image",34081,16220
"ROGUE","Shaku, the Collector",33907,17040
"WARRIOR","Ravaging Ghoul",33449,15410
"WARRIOR","Patches the Pirate",32492,11531
"MAGE","Frost Nova",32098,14827
"WARRIOR","Leeroy Jenkins",32072,20248
"WARRIOR","Blackwing Corruptor",31956,16514
"MAGE","Kazakus",31881,17197
"ROGUE","Shadow Strike",31671,14733
"PALADIN","Reinforce",30480,13625
"ROGUE","Murloc Warleader",30265,15946
"ROGUE","Small-Time Buccaneer",30226,14097
"WARLOCK","Blastcrystal Potion",30070,15131
"ROGUE","Argent Horserider",29852,14942
"MAGE","Emperor Thaurissan",29741,16584
"MAGE","Volcanic Potion",29493,13499
"ROGUE","Leeroy Jenkins",29321,20647
"ROGUE","Shiv",29145,14627
"SHAMAN","Lava Burst",28728,14631
"WARRIOR","Slam",28648,12633
"DRUID","Bloodmage Thalnos",28567,15169
"WARRIOR","Armor Up!",28322,10630
"PALADIN","Aldor Peacekeeper",28294,12668
"ROGUE","Jade Swarmer",28114,13678
"DRUID","Moonfire",27659,15973
"WARRIOR","Bash",27570,12543
"MAGE","Kabal Courier",27239,12888
"ROGUE","Undercity Huckster",27094,12097
"PALADIN","Bluegill Warrior",26902,13269
"WARRIOR","Azure Drake",26597,11994
"WARLOCK","Kazakus Potion",26456,15573
"MAGE","Polymorph",25956,11991
"MAGE","Loot Hoarder",25776,12467
"WARRIOR","Shapeshift",25461,10667
"WARLOCK","Shadowflame",25246,14319
"SHAMAN","Bloodlust",25198,20511
"PALADIN","Consecration",25000,12238
"PALADIN","Murloc Warleader",24782,12885
"PRIEST","Defender of Argus",24551,13848
"PALADIN","Doomsayer",24459,11563
"WARLOCK","Sunfury Protector",24441,13006
"PALADIN","Acolyte of Pain",24419,11913
"WARLOCK","Sylvanas Windrunner",24301,13760
"MAGE","Fireblast",23927,11435
"ROGUE","Shadowstep",23487,12035
"WARLOCK","Twisting Nether",23212,11356
"WARLOCK","Faceless Shambler",23114,14354
"WARRIOR","Execute",23006,9488
"ROGUE","Patches the Pirate",22698,9126
"PALADIN","Equality",22530,11033
"WARRIOR","Drakonid Crusher",22370,12280
"MAGE","Acidic Swamp Ooze",22215,10874
"PALADIN","The Coin",22020,9712
"ROGUE","Sinister Strike",21968,14764
"PRIEST","Acidic Swamp Ooze",21808,10651
"MAGE","Reno Jackson",21740,12186
"HUNTER","Animal Companion",21365,9450
"MAGE","Dirty Rat",21325,10370
"PRIEST","Twilight Drake",21119,11250
"PRIEST","Blackwing Technician",21093,10803
"ROGUE","Finja, the Flying Star",20961,12768
"WARLOCK","Kabal Courier",20864,10148
"ROGUE","Argent Squire",20816,10436
"DRUID","Mire Keeper",20784,11165
"ROGUE","Barnes",20645,10388
"MAGE","Brann Bronzebeard",20574,11311
"WARRIOR","Faerie Dragon",20505,9499
"MAGE","Ice Lance",20257,11488
"WARRIOR","Shield Block",20092,8847
"WARLOCK","Darkshire Librarian",20079,9562
"MAGE","Archmage Antonidas",20044,11864
"WARRIOR","Alley Armorsmith",19952,9214
"PALADIN","Solemn Vigil",19951,10491
"WARLOCK","Lord Jaraxxus",19852,13083
"MAGE","Cult Sorcerer",19656,9449
"ROGUE","Unearthed Raptor",19560,9835
"SHAMAN","Small-Time Buccaneer",19368,8899
"MAGE","Cabalist's Tome",19020,8983
"MAGE","Roaring Torch",18792,10768
"WARLOCK","Abusive Sergeant",18788,9313
"MAGE","Alexstrasza",18650,11609
"PALADIN","Wild Pyromancer",18502,8563
"PALADIN","Grimestreet Outfitter",18474,7949
"PALADIN","Ivory Knight",18350,9048
"MAGE","Ice Barrier",18345,8624
"ROGUE","Jade Spirit",18175,8885
"WARRIOR","Shield Slam",17960,8073
"SHAMAN","Southsea Deckhand",17937,8725
"HUNTER","Kindly Grandmother",17515,7778
"MAGE","Novice Engineer",17413,8359
"WARLOCK","Mind Control Tech",17337,9344
"WARLOCK","Kazakus Potion",17266,10627
"PALADIN","Smuggler's Run",17115,7348
"DRUID","Naturalize",17077,7695
"MAGE","Forbidden Flame",16857,7942
"WARLOCK","Ragnaros the Firelord",16830,10380
"ROGUE","Naga Corsair",16803,8713
"SHAMAN","Healing Wave",16539,7586
"PRIEST","Entomb",16459,7544
"WARLOCK","Leeroy Jenkins",16072,12966
"HUNTER","Quick Shot",16040,6851
"HUNTER","Eaglehorn Bow",15869,7122
"PRIEST","Mind Spike",15600,8931
"DRUID","Dark Arakkoa",15541,8307
"HUNTER","Kill Command",15427,7429
"ROGUE","Journey Below",15325,6716
"WARRIOR","Acidic Swamp Ooze",15295,7049
"HUNTER","The Coin",14999,6291
"WARRIOR","Brawl",14987,5330
"WARRIOR","Acolyte of Pain",14981,6691
"WARLOCK","Faceless Manipulator",14978,10622
"DRUID","Doomsayer",14963,6865
"PRIEST","Kazakus",14624,7736
"WARRIOR","Bluegill Warrior",14623,7210
"DRUID","Kun the Forgotten King",14459,10805
"MAGE","Kazakus Potion",14263,8675
"PALADIN","Tirion Fordring",14210,7564
"WARRIOR","Dirty Rat",14049,6292
"ROGUE","Aya Blackpaw",14022,7972
"WARLOCK","Bloodsail Corsair",13900,6924
"WARLOCK","Argent Squire",13678,6341
"MAGE","Mirror Entity",13476,6453
"HUNTER","Savannah Highmane",13457,6360
"DRUID","Aviana",13444,10028
"PRIEST","Kabal Courier",13309,6216
"MAGE","Ethereal Conjurer",13296,6091
"DRUID","Enchanted Raven",13237,6233
"ROGUE","Xaril, Poisoned Mind",13237,6050
"WARRIOR","Revenge",13208,5858
"PALADIN","Anyfin Can Happen",13168,9517
"ROGUE","Emperor Thaurissan",13120,7221
"DRUID","Yogg-Saron, Hope's End",12993,5122
"DRUID","Power of the Wild",12832,6556
"WARRIOR","Murloc Warleader",12830,6537
"SHAMAN","Evolve",12812,6649
"SHAMAN","White Eyes",12748,6226
"DRUID","Emperor Thaurissan",12689,7265
"PALADIN","Loot Hoarder",12674,5887
"DRUID","Arcane Giant",12654,7180
"MAGE","Counterspell",12614,6410
"WARRIOR","Ragnaros the Firelord",12607,6275
"PRIEST","Ysera",12428,7324
"WARRIOR","Argent Horserider",12334,5982
"PRIEST","Excavated Evil",12277,5408
"MAGE","Refreshment Vendor",12248,5970
"WARRIOR","The Curator",12217,5806
"MAGE","Manic Soulcaster",12188,6484
"HUNTER","Houndmaster",12185,6051
"ROGUE","Beneath the Grounds",12182,5599
"PRIEST","Priest of the Feast",12042,5628
"ROGUE","Jungle Panther",11939,5894
"MAGE","Ragnaros the Firelord",11921,6234
"WARLOCK","Silverware Golem",11907,4063
"PALADIN","Finja, the Flying Star",11888,7068
"MAGE","Mistress of Mixtures",11816,5607
"DRUID","Mark of Y'Shaarj",11794,6017
"MAGE","Kazakus Potion",11729,6490
"PALADIN","Wickerflame Burnbristle",11708,5551
"SHAMAN","Sir Finley Mrrgglton",11587,5619
"PRIEST","Raza the Chained",11414,6239
"PRIEST","Doomsayer",11413,4521
"DRUID","Coldlight Oracle",11252,5702
"MAGE","Burgly Bully",11114,5963
"DRUID","Mark of the Lotus",11076,6342
"ROGUE","Buccaneer",11073,5508
"WARLOCK","Corruption",10954,4723
"WARRIOR","Bloodhoof Brave",10945,4617
"DRUID","Malygos",10943,8215
"WARLOCK","Crystalweaver",10838,5664
"HUNTER","Alleycat",10776,4791
"MAGE","Barnes",10545,5154
"WARRIOR","Blood To Ichor",10525,4962
"HUNTER","Unleash the Hounds",10500,4169
"SHAMAN","Lava Shock",10457,4889
"PALADIN","Grimestreet Enforcer",10413,4761
"WARRIOR","Grommash Hellscream",10394,5612
"SHAMAN","Argent Squire",10392,5154
"PALADIN","Barnes",10347,5252
"PRIEST","Museum Curator",10032,4667
"MAGE","Medivh's Valet",10008,4802
"PALADIN","Ragnaros, Lightlord",9704,5272
"MAGE","Kabal Lackey",9626,4381
"WARLOCK","Demonfire",9595,4539
"PRIEST","Kabal Songstealer",9545,4597
"DRUID","Druid of the Saber",9487,4528
"PRIEST","Ragnaros the Firelord",9376,5487
"WARRIOR","Justicar Trueheart",9271,4376
"ROGUE","The Curator",9217,4631
"DRUID","Moonglade Portal",9211,4174
"HUNTER","Explosive Trap",9134,3501
"ROGUE","Coldlight Oracle",8939,4446
"ROGUE","Deadly Poison",8912,4059
"MAGE","Kirin Tor Mage",8821,4213
"ROGUE","Malygos",8650,6320
"PALADIN","Argent Horserider",8608,3747
"PRIEST","Inner Fire",8594,4961
"DRUID","Disciple of C'Thun",8577,4304
"PALADIN","Forbidden Healing",8539,3813
"MAGE","Mind Control Tech",8531,4165
"DRUID","Acidic Swamp Ooze",8470,4025
"WARLOCK","Forbidden Ritual",8470,3313
"MAGE","Kabal Crystal Runner",8459,4115
"SHAMAN","Thunder Bluff Valiant",8441,4681
"HUNTER","Fiery Bat",8288,3512
"PALADIN","Mistress of Mixtures",8203,3548
"SHAMAN","Elemental Destruction",8194,3261
"WARRIOR","Finja, the Flying Star",8182,4537
"DRUID","Ragnaros the Firelord",8089,4606
"MAGE","Potion of Polymorph",8062,3765
"PRIEST","Heal",8047,4497
"SHAMAN","Bluegill Warrior",8035,3786
"PRIEST","Reno Jackson",8033,4254
"WARRIOR","Gorehowl",7964,3685
"WARLOCK","Spellbreaker",7892,4171
"HUNTER","Cloaked Huntress",7860,3711
"PALADIN","Keeper of Uldaman",7671,3532
"WARLOCK","Patches the Pirate",7634,3312
"PRIEST","Holy Smite",7565,3570
"PRIEST","Chillmaw",7556,3097
"DRUID","Lunar Visions",7551,3791
"SHAMAN","Ragnaros the Firelord",7549,4126
"SHAMAN","Acidic Swamp Ooze",7495,3566
"SHAMAN","Doomhammer",7484,4022
"HUNTER","Cat Trick",7463,3666
"ROGUE","Dark Iron Skulker",7421,3458
"WARRIOR","Netherspite Historian",7396,3467
"MAGE","Medivh, the Guardian",7359,4590
"HUNTER","King's Elekk",7283,3210
"SHAMAN","Doppelgangster",7258,3984
"HUNTER","Freezing Trap",7194,3110
"WARLOCK","Kazakus Potion",7157,3476
"HUNTER","Rat Pack",7111,3242
"ROGUE","Brann Bronzebeard",7104,3429
"WARRIOR","Elise Starseeker",7098,3033
"ROGUE","Mistress of Mixtures",7080,3041
"SHAMAN","Murloc Warleader",7037,3638
"WARLOCK","Flame Juggler",7015,3199
"DRUID","Savage Roar",6944,4536
"MAGE","Second-Rate Bruiser",6893,3352
"MAGE","Inkmaster Solia",6864,3724
"ROGUE","Defender of Argus",6793,3515
"SHAMAN","Rockbiter Weapon",6767,3684
"DRUID","Mark of the Wild",6724,3220
"WARLOCK","Felfire Potion",6700,3556
"MAGE","Ethereal Arcanist",6599,3077
"HUNTER","Tracking",6556,2793
"PRIEST","Thoughtsteal",6546,2818
"WARRIOR","Lesser Heal",6521,2468
"PRIEST","Sylvanas Windrunner",6508,3211
"HUNTER","Dispatch Kodo",6460,2832
"PRIEST","Shifting Shade",6449,3090
"WARLOCK","Bluegill Warrior",6258,2929
"WARRIOR","Totemic Call",6241,1984
"ROGUE","Shadow Sensei",6212,3398
"SHAMAN","Steady Shot",6151,2762
"SHAMAN","Patches the Pirate",6146,2346
"SHAMAN","Argent Horserider",6139,3017
"HUNTER","Infested Wolf",6066,2609
"HUNTER","Trogg Beastrager",6056,2632
"SHAMAN","Barnes",5921,2888
"PRIEST","Kazakus Potion",5894,3597
"ROGUE","Silent Knight",5872,3103
"PRIEST","Divine Spirit",5862,3334
"PRIEST","Dirty Rat",5806,2608
"PALADIN","Azure Drake",5783,2770
"SHAMAN","Ancestral Knowledge",5769,2582
"PALADIN","Argent Squire",5742,2433
"HUNTER","Steady Shot",5717,2437
"PRIEST","Kazakus Potion",5706,3026
"MAGE","Pyroblast",5690,4076
"DRUID","C'Thun",5666,4329
"MAGE","Flame Lance",5642,2723
"WARRIOR","Blackwing Technician",5599,2770
"HUNTER","Secretkeeper",5595,2599
"WARLOCK","Argent Horserider",5591,2536
"DRUID","Violet Teacher",5485,2728
"SHAMAN","Life Tap",5433,2451
"HUNTER","Tundra Rhino",5386,2518
"MAGE","Arcane Explosion",5368,2403
"WARLOCK","Murloc Warleader",5331,2570
"PALADIN","Acidic Swamp Ooze",5268,2294
"PRIEST","Acolyte of Pain",5264,2161
"DRUID","Barnes",5229,2777
"MAGE","Freezing Potion",5214,2391
"HUNTER","Barnes",5203,2429
"HUNTER","Shaky Zipgunner",5185,2172
"WARLOCK","Dark Iron Dwarf",5175,2620
"WARRIOR","Tank Up!",5158,2605
"HUNTER","Scavenging Hyena",5009,2330
"SHAMAN","Call in the Finishers",4997,2420
"WARRIOR","Dagger Mastery",4969,1791
"DRUID","Savage Combatant",4965,2359
"WARLOCK","Blood Imp",4919,2293
"ROGUE","N'Zoth, the Corruptor",4835,2933
"ROGUE","Burgle",4724,1848
"ROGUE","Loot Hoarder",4719,2083
"SHAMAN","Everyfin is Awesome",4685,2983
"WARRIOR","Reinforce",4683,1594
"SHAMAN","Far Sight",4681,2244
"PRIEST","Faerie Dragon",4681,2119
"DRUID","Sir Finley Mrrgglton",4672,2286
"PRIEST","Auchenai Soulpriest",4628,1834
"ROGUE","Shadowcaster",4567,2513
"SHAMAN","Fireblast",4547,1699
"PALADIN","Dirty Rat",4543,1887
"WARRIOR","Sylvanas Windrunner",4507,2023
"SHAMAN","Finja, the Flying Star",4485,2423
"PALADIN","Meanstreet Marshal",4481,1937
"PRIEST","Silence",4481,2177
"MAGE","Evolved Kobold",4474,3189
"PRIEST","Circle of Healing",4472,1944
"SHAMAN","Earth Elemental",4468,2110
"DRUID","Starfire",4457,2266
"WARRIOR","Cruel Taskmaster",4450,1963
"DRUID","The Curator",4438,2168
"DRUID","Mounted Raptor",4414,1971
"WARLOCK","Crazed Alchemist",4401,2037
"WARRIOR","Armorsmith",4391,1907
"PRIEST","Loot Hoarder",4356,1752
"PRIEST","Emperor Thaurissan",4350,2220
"SHAMAN","Fire Elemental",4328,2106
"SHAMAN","Al'Akir the Windlord",4322,2535
"ROGUE","Kingsblood Toxin",4321,1983
"SHAMAN","Stormcrack",4315,2010
"PALADIN","Second-Rate Bruiser",4309,1662
"PRIEST","Drakonid Crusher",4307,2591
"MAGE","Cone of Cold",4279,1756
"HUNTER","Deadly Shot",4250,1698
"MAGE","Faceless Summoner",4238,2069
"PRIEST","Nefarian",4220,2251
"SHAMAN","Mistress of Mixtures",4170,2108
"HUNTER","Snipe",4170,1831
"DRUID","Bluegill Warrior",4160,2008
"PRIEST","Wild Pyromancer",4082,1544
"WARRIOR","Sleep with the Fishes",4029,1798
"WARLOCK","Succubus",3987,1690
"ROGUE","Firebloom Toxin",3976,2011
"PRIEST","Cabal Shadow Priest",3945,2135
"HUNTER","Azure Drake",3883,1672
"DRUID","Starfall",3882,1620
"WARRIOR","Grimy Gadgeteer",3875,1585
"SHAMAN","Shapeshift",3815,1492
"WARLOCK","Bloodfury Potion",3801,1918
"SHAMAN","Loot Hoarder",3762,1906
"SHAMAN","Earth Shock",3735,1700
"WARRIOR","Deathwing",3713,1342
"PRIEST","Mistress of Mixtures",3713,1648
"PALADIN","Sen'jin Shieldmasta",3693,1444
"ROGUE","Sylvanas Windrunner",3662,1719
"SHAMAN","Ancestral Spirit",3658,1971
"DRUID","C'Thun's Chosen",3629,1847
"DRUID","Murloc Warleader",3608,1777
"ROGUE","Briarthorn Toxin",3580,1935
"MAGE","Effigy",3535,1818
"HUNTER","Hunter's Mark",3533,1383
"HUNTER","Bear Trap",3528,1430
"PALADIN","Sir Finley Mrrgglton",3525,1554
"HUNTER","Smuggler's Crate",3502,1407
"WARLOCK","Finja, the Flying Star",3496,1850
"PRIEST","Alexstrasza",3484,1895
"WARRIOR","Map to the Golden Monkey",3448,1450
"WARLOCK","Wrathguard",3427,1684
"SHAMAN","Sylvanas Windrunner",3419,1760
"HUNTER","Huge Toad",3411,1451
"ROGUE","Gang Up",3401,1544
"PRIEST","Shadowform",3386,1786
"WARLOCK","Tiny Knight of Evil",3383,1482
"DRUID","Loot Hoarder",3368,1456
"MAGE","Vaporize",3323,1413
"WARRIOR","Whirlwind",3322,1357
"WARLOCK","Lance Carrier",3313,1571
"PRIEST","Second-Rate Bruiser",3298,1464
"DRUID","Bite",3279,1510
"PRIEST","Pint-Size Potion",3239,1458
"PRIEST","Heal",3235,1923
"PALADIN","Divine Favor",3209,1395
"DRUID","Mark of Nature",3195,1682
"PRIEST","Greater Healing Potion",3188,1325
"DRUID","Dragon Egg",3186,1581
"SHAMAN","Doomsayer",3175,1391
"ROGUE","Stranglethorn Tiger",3150,1545
"PRIEST","Mass Dispel",3148,1360
"ROGUE","Fadeleaf Toxin",3143,1476
"ROGUE","Defias Ringleader",3137,1447
"ROGUE","Sprint",3128,1400
"HUNTER","Call of the Wild",3126,1616
"WARRIOR","Harrison Jones",3106,1484
"SHAMAN","Jeweled Scarab",3106,1428
"DRUID","Alexstrasza",3090,2173
"PRIEST","Mind Control Tech",3048,1417
"MAGE","Spellbender",3042,1593
"PALADIN","Humility",3036,1294
"DRUID","Claw",3027,1463
"DRUID","Argent Squire",3025,1394
"PALADIN","Netherspite Historian",3003,1303
"PRIEST","Swipe",2999,1604
"SHAMAN","Master of Evolution",2996,1529
"MAGE","Sylvanas Windrunner",2975,1587
"SHAMAN","The Storm Guardian",2969,1720
"ROGUE","Lotus Agents",2944,1246
"SHAMAN","Kobold Geomancer",2942,1278
"PRIEST","Chromaggus",2924,1527
"MAGE","Greater Arcane Missiles",2923,1456
"DRUID","Defender of Argus",2909,1489
"DRUID","Faerie Dragon",2898,1342
"PALADIN","Brann Bronzebeard",2895,1341
"DRUID","Harrison Jones",2891,1602
"PALADIN","Selfless Hero",2890,1216
"MAGE","Polymorph: Boar",2878,1380
"PALADIN","Defender of Argus",2868,1391
"PRIEST","Deathwing",2866,877
"DRUID","Healing Touch",2861,1262
"HUNTER","Ragnaros the Firelord",2857,1323
"ROGUE","Acidic Swamp Ooze",2854,1204
"PRIEST","Bloodmage Thalnos",2853,1360
"MAGE","Dragon's Breath",2848,1376
"WARRIOR","Hobart Grapplehammer",2836,1336
"ROGUE","Infested Tauren",2816,1202
"WARRIOR","Bloodsail Corsair",2811,1278
"ROGUE","Doomsayer",2802,984
"PRIEST","Ysera Awakens",2765,2031
"PALADIN","Twilight Guardian",2747,1184
"WARRIOR","Disciple of C'Thun",2746,1147
"HUNTER","Dire Wolf Alpha",2738,1247
"ROGUE","Vanish",2722,938
"ROGUE","Ethereal Peddler",2706,1290
"DRUID","Stranglethorn Tiger",2701,1212
"PALADIN","Hammer of Wrath",2695,1241
"HUNTER","Snake Trap",2684,1254
"PALADIN","Doppelgangster",2681,1290
"DRUID","Soul of the Forest",2669,1432
"PRIEST","Justicar Trueheart",2639,1365
"DRUID","Menagerie Warden",2630,1362
"MAGE","Kazakus Potion",2595,1214
"WARLOCK","Bane of Doom",2559,1088
"PRIEST","Dream",2534,1606
"ROGUE","Bloodthistle Toxin",2504,1157
"DRUID","Runic Egg",2496,1155
"PALADIN","Blessing of Kings",2493,1249
"PALADIN","Rallying Blade",2470,1192
"DRUID","Finja, the Flying Star",2450,1441
"PALADIN","Small-Time Recruits",2436,1054
"PRIEST","Emerald Drake",2410,1625
"PRIEST","Hex",2394,1177
"SHAMAN","Hallazeal the Ascended",2381,1253
"PALADIN","Stampeding Kodo",2358,1194
"ROGUE","Southsea Captain",2353,1152
"PRIEST","Jade Lightning",2352,1275
"PALADIN","Infested Tauren",2343,1079
"DRUID","Sylvanas Windrunner",2337,1161
"ROGUE","Reno Jackson",2334,1146
"PALADIN","Fight Promoter",2332,1173
"MAGE","Twilight Flamecaller",2326,1068
"WARLOCK","Sea Giant",2314,1240
"PRIEST","Laughing Sister",2309,1408
"PRIEST","Resurrect",2301,974
"DRUID","Life Tap",2299,1111
"PRIEST","Lightning Storm",2297,1165
"WARRIOR","King's Defender",2278,1056
"DRUID","Bloodsail Corsair",2269,1156
"PALADIN","Flame Juggler",2260,916
"WARLOCK","Kabal Trafficker",2259,1224
"PRIEST","Cairne Bloodhoof",2254,1240
"WARRIOR","Battle Rage",2252,937
"DRUID","Lotus Agents",2249,1008
"PRIEST","Ancient Watcher",2235,1083
"PRIEST","Nightmare",2234,1632
"WARRIOR","C'Thun's Chosen",2231,964
"PRIEST","Injured Blademaster",2226,995
"WARRIOR","Grimestreet Informant",2209,913
"ROGUE","Earthen Ring Farseer",2207,871
"PALADIN","The Curator",2200,1168
"PALADIN","Dragon Consort",2196,998
"DRUID","Astral Communion",2185,1114
"HUNTER","Knife Juggler",2184,935
"PRIEST","Darkshire Alchemist",2181,944
"PRIEST","Scaled Nightmare",2171,1199
"DRUID","Beckoner of Evil",2156,940
"DRUID","Darnassus Aspirant",2146,973
"PALADIN","Blackwing Corruptor",2131,1013
"PALADIN","Faerie Dragon",2108,811
"HUNTER","Loot Hoarder",2103,811
"PALADIN","Southsea Deckhand",2094,938
"WARRIOR","Book Wyrm",2079,952
"MAGE","Yogg-Saron, Hope's End",2072,731
"PRIEST","Eviscerate",2069,1256
"HUNTER","Bluegill Warrior",2052,913
"SHAMAN","Dirty Rat",2049,948
"WARRIOR","I Know a Guy",2043,566
"PALADIN","Fireblast",2038,916
"PRIEST","Eerie Statue",2032,967
"PALADIN","Lay on Hands",2030,1047
"WARLOCK","Azure Drake",2008,1029
"PRIEST","Fireball",2007,1333
"PALADIN","Grimestreet Informant",1998,765
"WARRIOR","Golden Monkey",1970,767
"PRIEST","Wrath",1970,892
"DRUID","Zoobot",1967,984
"DRUID","Faceless Manipulator",1962,1360
"WARRIOR","Ysera",1957,1013
"DRUID","Ironbark Protector",1950,884
"PALADIN","Sylvanas Windrunner",1938,969
"DRUID","Druid of the Flame",1920,841
"PRIEST","Deathwing, Dragonlord",1900,1077
"MAGE","Coldlight Oracle",1884,840
"WARRIOR","Doomsayer",1881,574
"DRUID","Steady Shot",1871,879
"MAGE","Kabal Chemist",1863,822
"PALADIN","Blackwing Technician",1860,767
"WARLOCK","Elven Archer",1858,920
"PALADIN","Argent Protector",1851,773
"HUNTER","The Curator",1849,783
"ROGUE","Refreshment Vendor",1844,673
"DRUID","Twilight Elder",1843,800
"PALADIN","Mind Control Tech",1842,808
"WARLOCK","Youthful Brewmaster",1834,987
"PRIEST","Confessor Paletress",1833,1021
"WARRIOR","Ancient Shieldbearer",1833,861
"PRIEST","Sunfury Protector",1815,759
"SHAMAN","Flame Juggler",1807,860
"DRUID","Youthful Brewmaster",1804,1083
"WARLOCK","Sen'jin Shieldmasta",1803,864
"PALADIN","Grimestreet Protector",1801,899
"PRIEST","Flash Heal",1796,820
"DRUID","Twin Emperor Vek'lor",1788,918
"PRIEST","Shadow Madness",1783,789
"SHAMAN","Nerubian Prophet",1760,804
"PALADIN","Grimscale Chum",1759,726
"PALADIN","The Tidal Hand",1759,617
"HUNTER","Argent Squire",1757,796
"PRIEST","Onyxia",1754,887
"ROGUE","Violet Teacher",1748,840
"PALADIN","Ragnaros the Firelord",1739,940
"PRIEST","Onyx Bishop",1732,802
"WARRIOR","Brann Bronzebeard",1731,778
"PRIEST","Faceless Shambler",1730,898
"PRIEST","Purify",1720,859
"PRIEST","Mind Blast",1718,1285
"DRUID","Y'Shaarj, Rage Unbound",1716,1124
"PRIEST","Maelstrom Portal",1716,984
"PRIEST","Aya Blackpaw",1710,927
"PRIEST","Holy Fire",1698,801
"PALADIN","Life Tap",1697,726
"WARLOCK","Beckoner of Evil",1685,822
"WARRIOR","Reckless Rocketeer",1674,789
"PRIEST","Innervate",1674,854
"SHAMAN","N'Zoth, the Corruptor",1667,1067
"DRUID","Deathwing",1665,669
"SHAMAN","Emperor Thaurissan",1662,881
"WARLOCK","Disciple of C'Thun",1636,806
"WARRIOR","Beckoner of Evil",1631,635
"SHAMAN","Unbound Elemental",1629,713
"DRUID","Fireblast",1629,636
"HUNTER","Argent Horserider",1618,708
"WARRIOR","Stolen Goods",1614,482
"MAGE","Earthen Ring Farseer",1606,756
"HUNTER","Murloc Warleader",1602,738
"SHAMAN","Lotus Agents",1597,788
"PRIEST","Feral Rage",1595,844
"DRUID","Bog Creeper",1594,795
"PALADIN","Book Wyrm",1585,719
"PALADIN","Abusive Sergeant",1583,722
"PRIEST","Hungry Dragon",1581,727
"WARRIOR","Captain Greenskin",1579,868
"PRIEST","Mind Vision",1573,591
"WARLOCK","Young Priestess",1571,825
"WARLOCK","Reliquary Seeker",1570,913
"PALADIN","Murloc Tidecaller",1567,682
"PRIEST","Barnes",1563,690
"PALADIN","Bloodmage Thalnos",1549,732
"PRIEST","Dragonkin Sorcerer",1543,813
"WARRIOR","Infested Tauren",1541,678
"PALADIN","Redemption",1530,700
"PALADIN","Getaway Kodo",1506,648
"PRIEST","Forbidden Shaping",1500,646
"ROGUE","Arcane Giant",1497,809
"WARLOCK","C'Thun's Chosen",1493,775
"WARLOCK","Medivh, the Guardian",1472,962
"HUNTER","Timber Wolf",1468,631
"PRIEST","Djinni of Zephyrs",1462,688
"HUNTER","Arcane Shot",1456,521
"PRIEST","Ancient of War",1455,732
"ROGUE","Southsea Squidface",1431,635
"WARLOCK","Alexstrasza",1427,939
"WARLOCK","Shieldbearer",1423,684
"SHAMAN","Stormforged Axe",1418,625
"WARLOCK","Voodoo Doctor",1411,698
"ROGUE","Ragnaros the Firelord",1406,705
"ROGUE","Assassinate",1388,517
"SHAMAN","Primal Fusion",1373,732
"PRIEST","Midnight Drake",1358,689
"HUNTER","On the Hunt",1355,539
"PRIEST","N'Zoth, the Corruptor",1348,779
"MAGE","Twilight Drake",1345,707
"WARLOCK","Curse of Rafaam",1340,721
"DRUID","Totemic Call",1340,490
"DRUID","Cenarius",1336,737
"WARRIOR","Public Defender",1335,365
"HUNTER","Powershot",1333,501
"DRUID","Novice Engineer",1329,617
"HUNTER","Acidic Swamp Ooze",1328,530
"PALADIN","Leeroy Jenkins",1321,808
"WARLOCK","Stonetusk Boar",1318,645
"PALADIN","Don Han'Cho",1308,596
"WARLOCK","Kabal Chemist",1301,577
"PRIEST","Infested Tauren",1299,576
"DRUID","Wisps of the Old Gods",1288,834
"PRIEST","Kabal Chemist",1280,554
"MAGE","Shatter",1270,565
"PRIEST","Jade Claws",1268,709
"PALADIN","Small-Time Buccaneer",1246,508
"PALADIN","Steady Shot",1246,552
"PRIEST","Harrison Jones",1241,638
"PRIEST","Living Roots",1238,615
"SHAMAN","Tuskarr Totemic",1238,512
"WARRIOR","Inner Rage",1229,543
"DRUID","Lance Carrier",1222,607
"WARLOCK","Goldshire Footman",1218,590
"DRUID","Burgly Bully",1215,670
"HUNTER","Finja, the Flying Star",1206,639
"DRUID","Soggoth the Slitherer",1204,630
"PALADIN","Grimestreet Smuggler",1204,480
"SHAMAN","Murloc Tidecaller",1203,562
"WARRIOR","Cairne Bloodhoof",1196,612
"PRIEST","Backstab",1195,679
"PRIEST","Firelands Portal",1194,784
"PALADIN","Murloc Knight",1177,449
"SHAMAN","Lesser Heal",1171,476
"PALADIN","Shapeshift",1170,417
"SHAMAN","Harrison Jones",1157,617
"HUNTER","Grimestreet Informant",1155,444
"PALADIN","Nightbane Templar",1150,476
"WARRIOR","Emperor Thaurissan",1149,520
"WARLOCK","Worgen Infiltrator",1146,512
"DRUID","Ysera",1145,682
"DRUID","North Sea Kraken",1141,655
"WARLOCK","Twilight Elder",1138,586
"SHAMAN","Bloodsail Corsair",1132,604
"PRIEST","Kazakus Potion",1131,529
"MAGE","Harrison Jones",1127,592
"SHAMAN","Finders Keepers",1125,457
"PRIEST","Flametongue Totem",1125,784
"WARLOCK","Crazed Worshipper",1123,562
"PRIEST","Malygos",1119,586
"WARRIOR","Malkorok",1118,551
"PALADIN","Seal of Champions",1113,567
"PRIEST","Frostbolt",1113,656
"HUNTER","Leeroy Jenkins",1111,627
"PRIEST","Lightning Bolt",1111,662
"WARRIOR","Twin Emperor Vek'lor",1107,516
"PRIEST","Prophet Velen",1105,705
"PRIEST","Mind Control",1102,595
"WARRIOR","C'Thun",1100,582
"WARLOCK","Krul the Unshackled",1099,670
"PALADIN","Dragon Egg",1096,451
"PRIEST","The Curator",1095,555
"WARRIOR","Ironforge Portal",1091,427
"PRIEST","Raven Idol",1083,461
"WARLOCK","Elise Starseeker",1083,552
"PALADIN","Runic Egg",1083,466
"WARLOCK","Weasel Tunneler",1079,512
"DRUID","Klaxxi Amber-Weaver",1079,484
"ROGUE","Kabal Courier",1079,525
"ROGUE","Bloodsail Corsair",1073,496
"MAGE","Spellslinger",1066,413
"PRIEST","Jade Idol",1065,335
"PALADIN","Blessing of Might",1064,529
"WARLOCK","Tournament Attendee",1064,482
"PALADIN","Lesser Heal",1061,411
"ROGUE","Lotus Assassin",1061,511
"PALADIN","Cairne Bloodhoof",1058,563
"SHAMAN","Pantry Spider",1055,505
"PALADIN","Vilefin Inquisitor",1053,422
"PRIEST","Shadow Word: Horror",1053,452
"HUNTER","Sir Finley Mrrgglton",1049,419
"SHAMAN","Wicked Witchdoctor",1048,478
"PALADIN","N'Zoth, the Corruptor",1043,659
"PALADIN","Grimscale Oracle",1042,428
"ROGUE","Bloodsail Raider",1033,457
"ROGUE","Bladed Cultist",1026,493
"ROGUE","Cairne Bloodhoof",1019,506
"PALADIN","A Light in the Darkness",1016,421
"WARRIOR","Coldlight Oracle",1015,344
"PRIEST","Wrathion",1008,489
"PRIEST","Medivh, the Guardian",998,632
"WARLOCK","Bilefin Tidehunter",996,438
"WARRIOR","Bolster",993,291
"PALADIN","Argent Commander",993,464
"ROGUE","Shady Dealer",992,493
"WARLOCK","Twin Emperor Vek'lor",985,564
"PRIEST","Garrison Commander",979,519
"PALADIN","Enter the Coliseum",976,405
"SHAMAN","The Curator",972,488
"WARLOCK","Dragon Egg",966,422
"PRIEST","Leeroy Jenkins",966,762
"WARLOCK","Gormok the Impaler",962,547
"MAGE","Gadgetzan Auctioneer",962,445
"ROGUE","Perdition's Blade",960,412
"DRUID","Second-Rate Bruiser",958,375
"WARLOCK","Gadgetzan Jouster",956,461
"PALADIN","Steward of Darkshire",953,387
"DRUID","Force of Nature",952,424
"ROGUE","Kabal Chemist",952,426
"PALADIN","Bilefin Tidehunter",951,358
"PRIEST","Devolve",949,359
"PRIEST","Elise Starseeker",943,440
"SHAMAN","Murloc Tidehunter",942,383
"DRUID","Reinforce",936,331
"PALADIN","Sunfury Protector",936,372
"PRIEST","Mulch",935,416
"HUNTER","Sylvanas Windrunner",933,401
"PRIEST","Jeweled Scarab",928,417
"PALADIN","Light's Justice",926,372
"PRIEST","Faceless Manipulator",924,410
"HUNTER","Infested Tauren",923,385
"ROGUE","Burgly Bully",922,448
"PRIEST","Roaring Torch",921,589
"PRIEST","Bluegill Warrior",919,463
"PALADIN","Harrison Jones",919,440
"SHAMAN","Fireguard Destroyer",916,438
"PRIEST","Feral Spirit",912,451
"PALADIN","Blessing of Wisdom",910,393
"SHAMAN","Ysera",901,507
"PRIEST","Volcanic Drake",900,487
"WARLOCK","Leper Gnome",900,444
"HUNTER","Explosive Shot",900,334
"PALADIN","Noble Sacrifice",899,360
"PRIEST","Swashburglar",893,445
"WARLOCK","C'Thun",892,592
"PRIEST","Forgotten Torch",889,521
"WARRIOR","Alexstrasza",884,427
"WARRIOR","Wolfrider",878,387
"PRIEST","Confuse",877,390
"PRIEST","Siphon Soul",877,311
"PALADIN","Avenging Wrath",874,439
"ROGUE","Anub'arak",872,439
"SHAMAN","Cairne Bloodhoof",868,458
"PALADIN","Mysterious Challenger",863,466
"WARLOCK","Cult Apothecary",861,415
"PALADIN","Argent Lance",861,341
"ROGUE","Betrayal",861,319
"ROGUE","Deadly Fork",848,336
"HUNTER","Stranglethorn Tiger",842,370
"SHAMAN","Eternal Sentinel",841,349
"WARLOCK","Harrison Jones",839,447
"WARLOCK","Renounce Darkness",835,241
"MAGE","Arcane Giant",833,371
"ROGUE","Dread Corsair",832,351
"PRIEST","Jinyu Waterspeaker",830,405
"PALADIN","Worgen Infiltrator",827,310
"SHAMAN","Dagger Mastery",823,282
"DRUID","Acolyte of Pain",820,354
"WARRIOR","Protect the King!",819,201
"MAGE","Mind Spike",817,472
"SHAMAN","Bilefin Tidehunter",816,323
"ROGUE","Red Mana Wyrm",816,385
"PRIEST","Fiery War Axe",813,582
"WARLOCK","Sir Finley Mrrgglton",808,322
"PALADIN","Novice Engineer",801,330
"WARLOCK","Zealous Initiate",798,379
"HUNTER","Reno Jackson",797,337
"SHAMAN","Reinforce",796,272
"MAGE","Jeweled Scarab",791,354
"DRUID","Stampeding Kodo",786,429
"PRIEST","Kor'kron Elite",785,538
"WARLOCK","Frost Elemental",780,393
"PRIEST","Nozdormu",779,367
"PRIEST","Abyssal Enforcer",779,361
"PALADIN","Emperor Thaurissan",773,371
"ROGUE","Novice Engineer",772,310
"WARLOCK","Bloodmage Thalnos",772,373
"WARRIOR","Loot Hoarder",768,307
"MAGE","Twilight Guardian",767,395
"WARLOCK","Void Terror",766,344
"WARLOCK","Barnes",766,355
"PRIEST","Nourish",760,342
"ROGUE","Shadow Rager",759,342
"HUNTER","Fireblast",757,356
"PRIEST","Disciple of C'Thun",756,292
"PRIEST","Mana Tide Totem",755,395
"PRIEST","Blastcrystal Potion",749,274
"PRIEST","Beckoner of Evil",748,267
"WARLOCK","Twilight Guardian",746,365
"MAGE","Netherspite Historian",744,357
"PALADIN","Coldlight Seer",743,338
"DRUID","Master Jouster",739,394
"PALADIN","Silvermoon Portal",736,363
"WARRIOR","Don Han'Cho",734,262
"SHAMAN","Totemic Might",734,391
"HUNTER","N'Zoth, the Corruptor",733,376
"PRIEST","Nexus-Champion Saraad",731,377
"SHAMAN","Grimscale Oracle",731,310
"SHAMAN","Leeroy Jenkins",731,426
"WARLOCK","Lowly Squire",730,364
"PRIEST","Sap",727,362
"HUNTER","Carrion Grub",725,283
"PRIEST","Mind Shatter",723,418
"DRUID","Savagery",719,339
"WARLOCK","Felguard",706,292
"ROGUE","Mind Spike",705,285
"WARRIOR","Crazed Worshipper",705,253
"PALADIN","Murloc Tidehunter",704,258
"SHAMAN","Coldlight Seer",703,327
"WARRIOR","Chillmaw",702,242
"PRIEST","Archmage Antonidas",700,470
"WARLOCK","Blackwing Corruptor",700,380
"WARLOCK","Fist of Jaraxxus",698,219
"DRUID","Patches the Pirate",695,266
"ROGUE","Disciple of C'Thun",695,263
"ROGUE","Grimestreet Informant",694,331
"MAGE","Rhonin",694,351
"PRIEST","Youthful Brewmaster",690,341
"PRIEST","Druid of the Claw",689,369
"DRUID","Mistress of Mixtures",685,318
"HUNTER","Desert Camel",674,303
"HUNTER","Forlorn Stalker",672,257
"SHAMAN","Excavated Evil",670,180
"PRIEST","Mana Geode",669,302
"DRUID","Pilfered Power",667,323
"WARLOCK","Sacrificial Pact",666,373
"PRIEST","INFERNO!",664,384
"WARLOCK","Runic Egg",663,302
"PALADIN","Knife Juggler",660,262
"DRUID","Wild Pyromancer",660,302
"PALADIN","Holy Wrath",658,294
"ROGUE","Fireball",658,388
"ROGUE","Lightning Bolt",656,350
"WARRIOR","Arathi Weaponsmith",654,267
"DRUID","Pantry Spider",652,335
"ROGUE","Mark of the Lotus",652,411
"SHAMAN","Y'Shaarj, Rage Unbound",652,388
"WARRIOR","Twilight Elder",651,245
"WARLOCK","Big Game Hunter",648,385
"PRIEST","Holy Champion",645,284
"ROGUE","Cutpurse",639,285
"WARLOCK","Drain Life",638,234
"SHAMAN","Murloc Tinyfin",637,259
"ROGUE","Jade Idol",637,311
"PRIEST","Cold Blood",630,453
"WARLOCK","Unlicensed Apothecary",630,286
"DRUID","Lesser Heal",627,239
"ROGUE","Raven Idol",625,343
"HUNTER","Starving Buzzard",624,234
"PALADIN","Sword of Justice",623,254
"ROGUE","Flamewreathed Faceless",623,322
"ROGUE","Finders Keepers",622,290
"MAGE","Bluegill Warrior",621,296
"PALADIN","Gnomish Inventor",620,275
"PRIEST","Dark Peddler",618,330
"ROGUE","Arcane Missiles",617,303
"PRIEST","Mountain Giant",616,277
"WARRIOR","Grimestreet Pawnbroker",616,256
"PRIEST","Embrace the Shadow",612,303
"ROGUE","Jade Lightning",611,323
"ROGUE","Jade Claws",608,327
"ROGUE","Assassin's Blade",607,262
"WARRIOR","Barnes",607,265
"ROGUE","White Eyes",606,294
"ROGUE","Mark of the Wild",605,328
"PRIEST","Refreshment Vendor",605,248
"ROGUE","Power of the Wild",604,352
"ROGUE","Undercity Valiant",604,299
"ROGUE","Earth Elemental",603,258
"PALADIN","Holy Light",600,239
"WARLOCK","Garrison Commander",599,243
"PALADIN","Patches the Pirate",597,217
"HUNTER","Explorer's Hat",596,170
"ROGUE","Feral Spirit",593,306
"SHAMAN","Blowgill Sniper",592,208
"ROGUE","Sir Finley Mrrgglton",591,258
"ROGUE","Lightning Storm",590,313
"ROGUE","Grimestreet Smuggler",589,287
"PRIEST","Jade Behemoth",589,243
"PRIEST","Shadow Bolt",588,222
"PRIEST","C'Thun's Chosen",587,232
"PRIEST","Babbling Book",586,348
"ROGUE","Druid of the Claw",584,302
"ROGUE","Far Sight",584,278
"WARRIOR","Varian Wrynn",584,298
"PRIEST","Twilight Elder",583,202
"MAGE","Elise Starseeker",582,254
"DRUID","Dire Wolf Alpha",581,263
"ROGUE","Wrath",581,294
"WARRIOR","Argent Commander",579,266
"PRIEST","Tirion Fordring",577,354
"ROGUE","Stormcrack",576,272
"ROGUE","Totem Golem",575,303
"ROGUE","Darnassus Aspirant",575,323
"PALADIN","Squirming Tentacle",574,216
"PRIEST","Sir Finley Mrrgglton",574,281
"HUNTER","Flare",572,208
"ROGUE","Tunnel Trogg",572,284
"MAGE","Blackwing Corruptor",572,300
"PALADIN","Twilight Drake",570,277
"ROGUE","Frost Shock",569,256
"WARRIOR","N'Zoth, the Corruptor",569,304
"WARLOCK","Dread Infernal",568,248
"WARLOCK","Fireblast",566,193
"DRUID","Daring Reporter",564,226
"PRIEST","Map to the Golden Monkey",564,326
"ROGUE","Enchanted Raven",563,285
"SHAMAN","Second-Rate Bruiser",561,239
"PALADIN","Repentance",561,231
"ROGUE","Living Roots",558,311
"ROGUE","Sharp Fork",558,216
"WARRIOR","Baron Geddon",556,256
"ROGUE","Lightning Jolt",555,256
"MAGE","Murloc Warleader",553,281
"ROGUE","Claw",553,297
"PALADIN","Bloodsail Corsair",552,245
"ROGUE","Public Defender",552,315
"WARRIOR","Fool's Bane",552,202
"PRIEST","SI:7 Agent",551,358
"ROGUE","Mark of Nature",550,285
"ROGUE","Forked Lightning",550,265
"ROGUE","Gadgetzan Ferryman",550,256
"ROGUE","Innervate",548,319
"ROGUE","Headcrack",546,280
"WARRIOR","Soggoth the Slitherer",545,232
"ROGUE","Hex",545,252
"WARLOCK","Netherspite Historian",543,272
"ROGUE","Mark of Y'Shaarj",543,310
"PALADIN","Eadric the Pure",543,247
"PRIEST","Arcane Missiles",543,328
"ROGUE","Maelstrom Portal",542,297
"ROGUE","Swipe",542,287
"PRIEST","Twilight Summoner",542,278
"PRIEST","Arcane Intellect",541,299
"ROGUE","Moonfire",541,285
"ROGUE","Fireguard Destroyer",541,272
"HUNTER","Bloodmage Thalnos",540,207
"ROGUE","Kazakus",538,232
"WARLOCK","Tentacle of N'Zoth",538,194
"WARLOCK","Armor Up!",538,143
"WARLOCK","DOOM!",538,274
"ROGUE","Second-Rate Bruiser",535,185
"WARRIOR","Yogg-Saron, Hope's End",533,177
"ROGUE","Ancestral Knowledge",532,244
"PALADIN","Psych-o-Tron",531,222
"PRIEST","Cabalist's Tome",531,308
"WARRIOR","Doomcaller",530,216
"PRIEST","Totem Golem",530,278
"ROGUE","Ancestral Healing",529,261
"WARLOCK","Dreadsteed",529,248
"WARLOCK","Fireball",528,287
"HUNTER","Knuckles",528,235
"WARLOCK","Lesser Heal",527,167
"ROGUE","Druid of the Saber",527,291
"ROGUE","Hammer of Twilight",526,315
"ROGUE","I Know a Guy",526,247
"MAGE","Youthful Brewmaster",526,277
"ROGUE","Lotus Illusionist",525,266
"SHAMAN","Armor Up!",524,200
"ROGUE","Sparring Partner",524,278
"ROGUE","Eternal Sentinel",523,233
"ROGUE","N'Zoth's First Mate",523,263
"ROGUE","Earth Shock",522,242
"SHAMAN","Coldlight Oracle",521,191
"PRIEST","Jade Spirit",519,207
"PRIEST","Murloc Warleader",519,258
"ROGUE","Mounted Raptor",519,290
"WARRIOR","Flame Juggler",518,231
"ROGUE","Armorsmith",517,234
"WARLOCK","Harvest Golem",517,199
"ROGUE","Addled Grizzly",516,265
"WARLOCK","Murloc Tidecaller",516,223
"ROGUE","Lava Shock",515,238
"ROGUE","Feral Rage",515,273
"ROGUE","Unbound Elemental",515,250
"HUNTER","Ram Wrangler",514,226
"ROGUE","Jinyu Waterspeaker",513,237
"ROGUE","Lava Burst",512,272
"ROGUE","Thistle Tea",512,198
"ROGUE","Doomhammer",511,289
"PRIEST","Mortal Coil",510,238
"ROGUE","Stormforged Axe",509,251
"ROGUE","Dust Devil",509,217
"WARLOCK","Seadevil Stinger",509,214
"PALADIN","Totemic Call",508,175
"ROGUE","Blood To Ichor",508,257
"ROGUE","Spirit Claws",507,252
"PALADIN","Wrathion",506,229
"ROGUE","Mana Tide Totem",506,266
"MAGE","Kobold Geomancer",505,215
"PRIEST","Edwin VanCleef",504,319
"ROGUE","Flametongue Totem",504,323
"ROGUE","Twilight Summoner",503,231
"HUNTER","Hidden Cache",503,144
"ROGUE","Rockbiter Weapon",503,251
"ROGUE","Bash",501,274
"ROGUE","Devolve",501,203
"ROGUE","Fire Elemental",500,258
"ROGUE","Evolve",499,230
"SHAMAN","Faceless Manipulator",499,257
"ROGUE","Druid of the Flame",498,268
"PRIEST","Ice Block",498,269
"ROGUE","Naturalize",498,253
"PRIEST","Arcane Blast",498,297
"PALADIN","Coldlight Oracle",497,152
"ROGUE","Forbidden Ancient",497,239
"DRUID","Druid of the Claw",496,204
"ROGUE","Starfire",495,249
"ROGUE","The Mistcaller",494,239
"DRUID","Sunfury Protector",494,236
"ROGUE","Bite",494,258
"WARRIOR","Brass Knuckles",492,168
"DRUID","Crazed Worshipper",491,198
"PRIEST","Tomb Pillager",491,267
"DRUID","Jade Golem",489,337
"ROGUE","Wicked Witchdoctor",489,238
"PALADIN","Earthen Ring Farseer",488,211
"PRIEST","Power Overwhelming",488,320
"WARRIOR","Fight Promoter",488,163
"PRIEST","Preparation",487,236
"HUNTER","Southsea Deckhand",486,251
"ROGUE","Charged Hammer",486,237
"ROGUE","Wild Growth",485,258
"DRUID","Dagger Mastery",485,192
"ROGUE","Keeper of the Grove",484,255
"WARLOCK","Map to the Golden Monkey",483,232
"PRIEST","Dread Corsair",482,349
"SHAMAN","Spirit Wolf",482,290
"PRIEST","Auctionmaster Beardo",481,256
"SHAMAN","Acolyte of Pain",480,242
"ROGUE","Windfury",480,337
"MAGE","Avian Watcher",479,199
"MAGE","Excavated Evil",479,177
"PRIEST","Fel Orc Soulfiend",479,218
"HUNTER","Cult Master",478,236
"PRIEST","Twisting Nether",477,126
"ROGUE","Shield Block",477,245
"WARRIOR","Wild Pyromancer",476,190
"ROGUE","Rumbling Elemental",476,235
"PALADIN","Ysera",475,262
"PALADIN","Jeweled Scarab",474,188
"ROGUE","Slam",474,207
"ROGUE","Fiery War Axe",472,241
"WARLOCK","Argent Commander",472,241
"PRIEST","Hellfire",472,187
"ROGUE","Fierce Monkey",471,237
"ROGUE","Mulch",471,251
"ROGUE","Dark Arakkoa",471,248
"DRUID","Virmen Sensei",471,228
"ROGUE","Tuskarr Totemic",470,213
"ROGUE","Jade Blossom",470,238
"ROGUE","Savage Roar",468,291
"SHAMAN","Hammer of Twilight",468,236
"PRIEST","Polymorph",468,233
"SHAMAN","Chillmaw",467,235
"PRIEST","Flamestrike",467,230
"WARLOCK","Arcane Anomaly",466,218
"ROGUE","Blade of C'Thun",465,198
"ROGUE","Alley Armorsmith",465,272
"SHAMAN","Naga Corsair",463,226
"PRIEST","Truesilver Champion",463,248
"HUNTER","Doomsayer",463,154
"SHAMAN","Disciple of C'Thun",463,204
"HUNTER","Emperor Thaurissan",463,187
"ROGUE","Starfall",462,219
"PRIEST","Thing from Below",462,213
"MAGE","Book Wyrm",461,265
"PRIEST","Fan of Knives",460,195
"WARRIOR","Nefarian",459,208
"ROGUE","Elemental Destruction",458,157
"WARRIOR","Second-Rate Bruiser",458,144
"SHAMAN","Infested Tauren",457,231
"PRIEST","Lord Jaraxxus",457,202
"HUNTER","Life Tap",457,219
"PALADIN","Armor Up!",456,145
"ROGUE","Ancient of War",456,208
"SHAMAN","Beckoner of Evil",455,195
"ROGUE","Luckydo Buccaneer",455,185
"ROGUE","Excavated Evil",455,139
"ROGUE","Beckoner of Evil",455,168
"ROGUE","Savage Combatant",455,263
"WARLOCK","Cursed!",454,217
"ROGUE","Ancestral Spirit",452,228
"ROGUE","Upgrade!",451,217
"HUNTER","Misdirection",450,160
"ROGUE","Pit Snake",450,236
"ROGUE","Windspeaker",449,283
"WARLOCK","Steady Shot",449,178
"WARLOCK","Lightwarden",448,213
"ROGUE","Bloodhoof Brave",447,232
"PRIEST","Hozen Healer",447,226
"ROGUE","Master of Evolution",446,232
"SHAMAN","Malygos",446,295
"ROGUE","Al'Akir the Windlord",446,259
"ROGUE","Fandral Staghelm",445,238
"PALADIN","Competitive Spirit",445,217
"WARRIOR","Twilight Summoner",444,210
"WARRIOR","Emerald Drake",443,283
"ROGUE","Celestial Dreamer",443,226
"ROGUE","Inner Rage",440,223
"SHAMAN","Defender of Argus",439,215
"HUNTER","Faerie Dragon",436,168
"WARRIOR","Commanding Shout",436,162
"WARLOCK","Prince Malchezaar",436,208
"ROGUE","C'Thun's Chosen",435,172
"ROGUE","Ironforge Portal",434,184
"WARRIOR","Prince Malchezaar",434,168
"ROGUE","Cruel Taskmaster",433,214
"WARRIOR","Grim Patron",433,181
"PRIEST","Harvest Golem",432,173
"PALADIN","Dread Corsair",431,200
"ROGUE","Jade Behemoth",431,203
"ROGUE","Hallazeal the Ascended",430,191
"WARRIOR","Ysera Awakens",430,291
"ROGUE","Patient Assassin",429,204
"PRIEST","Coldlight Oracle",429,156
"DRUID","Huge Toad",429,190
"PRIEST","Lightwell",429,169
"PALADIN","Divine Strength",428,180
"ROGUE","Kor'kron Elite",428,209
"ROGUE","Frothing Berserker",428,208
"ROGUE","Yogg-Saron, Hope's End",427,144
"PRIEST","Frothing Berserker",427,318
"ROGUE","Drakonid Operative",427,211
"WARLOCK","Southsea Deckhand",427,230
"ROGUE","Mire Keeper",426,220
"PRIEST","Imp Gang Boss",426,226
"PALADIN","Chillmaw",424,181
"DRUID","Chillmaw",424,190
"ROGUE","Klaxxi Amber-Weaver",421,223
"PALADIN","Dire Wolf Alpha",419,163
"PRIEST","Soulfire",419,248
"PRIEST","Hooded Acolyte",418,157
"ROGUE","Alexstrasza's Champion",418,211
"PRIEST","Yogg-Saron, Hope's End",418,121
"ROGUE","Moonglade Portal",415,164
"HUNTER","Flame Juggler",415,156
"ROGUE","Commanding Shout",415,204
"ROGUE","Totemic Might",414,201
"ROGUE","Northshire Cleric",413,188
"DRUID","Cairne Bloodhoof",412,225
"PALADIN","Bloodsail Raider",411,180
"PRIEST","Novice Engineer",409,161
"ROGUE","Twilight Guardian",408,161
"ROGUE","Soul of the Forest",408,244
"DRUID","Dirty Rat",408,164
"ROGUE","Mortal Strike",407,209
"PRIEST","Spawn of Shadows",407,249
"WARRIOR","Twilight Drake",406,198
"ROGUE","Power Word: Shield",404,222
"HUNTER","Defender of Argus",403,181
"PRIEST","White Eyes",402,191
"DRUID","Keeper of the Grove",402,192
"ROGUE","Pilfered Power",402,215
"HUNTER","Acolyte of Pain",402,153
"PRIEST","Mortal Strike",402,286
"ROGUE","Hobart Grapplehammer",400,165
"WARRIOR","Dream",400,238
"MAGE","Finja, the Flying Star",399,212
"DRUID","Mind Control Tech",399,187
"WARRIOR","Laughing Sister",398,216
"ROGUE","Call in the Finishers",398,166
"PRIEST","Argent Horserider",396,258
"ROGUE","Draenei Totemcarver",396,190
"SHAMAN","Bloodsail Raider",394,177
"ROGUE","Wildwalker",394,205
"SHAMAN","Twilight Guardian",393,164
"ROGUE","Dark Peddler",393,209
"SHAMAN","Lightning Jolt",392,169
"ROGUE","Freezing Potion",391,171
"MAGE","Red Mana Wyrm",391,162
"ROGUE","Battle Rage",391,165
"ROGUE","Savagery",390,161
"ROGUE","Lunar Visions",390,178
"DRUID","Baron Geddon",389,198
"ROGUE","Voidwalker",389,196
"ROGUE","Healing Wave",389,151
"ROGUE","Heroic Strike",389,219
"WARRIOR","Cleave",388,119
"PRIEST","Twilight Darkmender",387,152
"ROGUE","Force of Nature",387,203
"WARLOCK","Ancient Watcher",386,164
"PRIEST","Lightspawn",384,155
"SHAMAN","Windfury",384,240
"ROGUE","Potion of Polymorph",384,189
"SHAMAN","Weasel Tunneler",383,166
"PRIEST","Wild Growth",382,131
"PRIEST","Gadgetzan Auctioneer",382,178
"WARLOCK","Pit Lord",382,192
"ROGUE","Kabal Talonpriest",381,213
"PALADIN","Guardian of Kings",380,147
"PRIEST","Voidwalker",379,223
"PRIEST","Shadow Strike",379,181
"DRUID","Summoning Stone",378,188
"DRUID","Chromaggus",378,212
"ROGUE","Museum Curator",377,176
"WARLOCK","Cairne Bloodhoof",376,213
"ROGUE","Mortal Coil",374,195
"WARLOCK","Young Dragonhawk",374,178
"SHAMAN","Jade Golem",372,229
"ROGUE","Possessed Villager",372,186
"ROGUE","Evolved Kobold",372,188
"ROGUE","Malchezaar's Imp",371,179
"PALADIN","The Silver Hand",371,188
"ROGUE","Grimy Gadgeteer",371,179
"HUNTER","Dart Trap",371,144
"PRIEST","C'Thun",370,194
"ROGUE","Flame Imp",369,200
"PALADIN","Blowgill Sniper",368,128
"ROGUE","Protect the King!",368,152
"ROGUE","Bloodsail Cultist",368,180
"ROGUE","Shadow Word: Pain",367,182
"PRIEST","Jade Chieftain",367,144
"DRUID","Jade Golem",366,258
"HUNTER","Shapeshift",366,111
"WARLOCK","Excavated Evil",365,127
"ROGUE","Holy Nova",364,170
"PRIEST","Bloodlust",364,325
"ROGUE","Nourish",364,175
"ROGUE","King's Defender",364,168
"ROGUE","Huge Toad",364,139
"HUNTER","Lesser Heal",363,144
"HUNTER","Mistress of Mixtures",362,112
"WARLOCK","Shapeshift",362,130
"WARRIOR","Reno Jackson",362,142
"ROGUE","Whirlwind",360,132
"PRIEST","Huge Toad",360,160
"SHAMAN","Mind Control Tech",359,146
"WARLOCK","Hungry Crab",359,180
"PRIEST","Finja, the Flying Star",359,174
"PALADIN","Refreshment Vendor",359,154
"ROGUE","Thing from Below",358,156
"ROGUE","Chillmaw",357,142
"WARLOCK","Ysera",357,238
"MAGE","Fallen Hero",357,143
"PALADIN","Blessed Champion",357,246
"ROGUE","Counterspell",356,218
"DRUID","Excavated Evil",356,176
"ROGUE","Faerie Dragon",356,147
"ROGUE","Jungle Moonkin",356,182
"PALADIN","Ancient of Blossoms",355,130
"SHAMAN","C'Thun's Chosen",355,153
"DRUID","Addled Grizzly",355,169
"ROGUE","Forgotten Torch",355,187
"ROGUE","Charge",354,125
"PALADIN","Harvest Golem",354,154
"PRIEST","Mindgames",354,150
"ROGUE","Jade Chieftain",353,155
"ROGUE","Healing Touch",352,136
"DRUID","Naga Sea Witch",352,198
"ROGUE","Bloodfury Potion",350,196
"PALADIN","Secretkeeper",349,157
"ROGUE","Warsong Commander",349,154
"ROGUE","Thunder Bluff Valiant",349,150
"ROGUE","Twilight Whelp",349,164
"ROGUE","Arcane Intellect",348,163
"ROGUE","Cleave",347,148
"ROGUE","Ravaging Ghoul",347,160
"ROGUE","Holy Smite",346,182
"PRIEST","Fireblast",346,136
"ROGUE","Orgrimmar Aspirant",345,158
"PRIEST","Lava Burst",344,242
"ROGUE","Imp Gang Boss",344,176
"ROGUE","Blood Imp",344,156
"PALADIN","Sacred Trial",344,131
"WARRIOR","Argent Squire",343,147
"ROGUE","Blackwing Corruptor",343,162
"PRIEST","Golden Monkey",343,185
"ROGUE","Drain Life",342,156
"ROGUE","Master of Disguise",342,184
"ROGUE","Sleep with the Fishes",342,137
"DRUID","Mind Spike",341,196
"ROGUE","Arcanite Reaper",341,173
"PRIEST","N'Zoth's First Mate",340,192
"PRIEST","Arcanite Reaper",340,280
"MAGE","Ysera",339,206
"ROGUE","Babbling Book",339,174
"ROGUE","Blastcrystal Potion",339,147
"ROGUE","Arathi Weaponsmith",339,167
"WARLOCK","Stampeding Kodo",339,191
"ROGUE","Darkshire Councilman",338,173
"ROGUE","Bane of Doom",336,159
"PRIEST","Flamewreathed Faceless",336,244
"ROGUE","Execute",336,149
"PALADIN","C'Thun's Chosen",336,150
"MAGE","Dragonfire Potion",336,146
"ROGUE","Pint-Size Potion",336,165
"PRIEST","Potion of Polymorph",335,193
"ROGUE","Demonfire",335,152
"ROGUE","Forbidden Shaping",335,150
"ROGUE","Flamewaker",334,188
"WARLOCK","Book Wyrm",334,184
"ROGUE","Mind Vision",334,163
"DRUID","Deathwing, Dragonlord",334,200
"ROGUE","Felfire Potion",334,146
"PALADIN","Dagger Mastery",334,123
"ROGUE","Potion of Madness",333,162
"ROGUE","Ancient of Lore",332,137
"DRUID","Jungle Panther",332,142
"MAGE","Beckoner of Evil",331,108
"PRIEST","Abomination",331,114
"ROGUE","Curse of Rafaam",330,174
"ROGUE","Thoughtsteal",330,144
"PRIEST","The Skeleton Knight",330,156
"ROGUE","Reckless Rocketeer",328,142
"ROGUE","Virmen Sensei",328,155
"ROGUE","Mirror Entity",327,167
"WARRIOR","Violet Illusionist",327,129
"ROGUE","Shadow Word: Death",327,144
"ROGUE","Wyrmrest Agent",327,133
"ROGUE","Frostbolt",326,161
"ROGUE","Lightwell",325,130
"ROGUE","Mindgames",325,134
"ROGUE","Primal Fusion",324,139
"PRIEST","Earthen Ring Farseer",324,132
"MAGE","Felfire Potion",323,142
"WARRIOR","Skycap'n Kragg",323,152
"HUNTER","Infest",323,122
"ROGUE","Ironbark Protector",322,120
"HUNTER","Emperor Cobra",322,101
"MAGE","Malygos",322,208
"PRIEST","Corrupted Healbot",321,159
"HUNTER","Grimestreet Smuggler",321,110
"ROGUE","Silence",321,148
"WARLOCK","Jeweled Scarab",319,118
"ROGUE","Shadow Bolt",319,150
"PRIEST","Alexstrasza's Champion",318,198
"PRIEST","Felfire Potion",318,158
"ROGUE","Kabal Songstealer",318,161
"DRUID","Armor Up!",318,108
"WARLOCK","Totemic Call",318,93
"ROGUE","Cabalist's Tome",317,147
"ROGUE","Wrathguard",317,175
"HUNTER","Multi-Shot",317,86
"HUNTER","Zoobot",316,152
"ROGUE","Resurrect",316,126
"WARLOCK","Arcane Missiles",316,169
"PALADIN","Disciple of C'Thun",316,123
"MAGE","Abyssal Enforcer",316,189
"ROGUE","Arcane Blast",316,152
"ROGUE","Shado-Pan Rider",315,160
"ROGUE","Revenge",315,108
"PRIEST","Shapeshift",315,163
"ROGUE","Shifting Shade",315,152
"ROGUE","Corruption",314,125
"ROGUE","Reliquary Seeker",314,124
"HUNTER","Injured Kvaldir",313,119
"ROGUE","Arcanosmith",313,124
"ROGUE","Twilight Elder",313,116
"ROGUE","Unlicensed Apothecary",313,146
"ROGUE","Holy Champion",312,135
"DRUID","Dire Shapeshift",312,170
"MAGE","INFERNO!",312,217
"PRIEST","Consecration",312,139
"WARRIOR","Grimestreet Smuggler",311,91
"ROGUE","Holy Fire",311,155
"PRIEST","Aldor Peacekeeper",311,141
"ROGUE","Ethereal Conjurer",310,152
"ROGUE","Soulfire",310,181
"ROGUE","Divine Spirit",309,146
"ROGUE","Brass Knuckles",307,127
"PRIEST","Manic Soulcaster",307,178
"PRIEST","Ethereal Conjurer",307,178
"PRIEST","Power Word: Glory",307,124
"ROGUE","Wisps of the Old Gods",306,173
"ROGUE","Don Han'Cho",306,165
"PALADIN","Reno Jackson",305,146
"ROGUE","Polymorph: Boar",305,167
"MAGE","C'Thun's Chosen",305,120
"DRUID","Jeweled Scarab",305,123
"ROGUE","Priest of the Feast",304,122
"PALADIN","Beckoner of Evil",303,117
"MAGE","Disciple of C'Thun",303,107
"ROGUE","Firelands Portal",302,155
"PRIEST","Shadowflame",302,109
"DRUID","Forbidden Ancient",302,150
"MAGE","Twilight Elder",301,105
"MAGE","Servant of Yogg-Saron",300,126
"ROGUE","Grimestreet Pawnbroker",300,131
"ROGUE","Tiny Knight of Evil",299,147
"ROGUE","Flash Heal",299,114
"DRUID","Onyxia",299,179
"ROGUE","Felguard",299,108
"DRUID","Nefarian",298,168
"PALADIN","Huge Toad",298,116
"ROGUE","Acolyte of Pain",298,107
"HUNTER","Bloodsail Corsair",297,135
"PRIEST","Forbidden Flame",297,147
"WARLOCK","Murloc Raider",297,126
"WARRIOR","Chromaggus",297,129
"ROGUE","Fireblast",295,98
"DRUID","Menagerie Magician",294,164
"PRIEST","Heroic Strike",294,200
"ROGUE","Shadow Madness",294,116
"WARLOCK","Faerie Dragon",294,111
"ROGUE","Power Overwhelming",293,178
"PRIEST","Shaku, the Collector",293,183
"PRIEST","Anyfin Can Happen",292,198
"ROGUE","C'Thun",292,162
"ROGUE","Shadowform",292,121
"WARLOCK","Friendly Bartender",292,124
"ROGUE","Magnataur Alpha",291,120
"ROGUE","Dirty Rat",291,107
"ROGUE","Mana Wyrm",291,143
"WARRIOR","Nightmare",290,180
"DRUID","Sen'jin Shieldmasta",290,108
"PRIEST","Water Elemental",290,180
"MAGE","Potion of Madness",290,152
"ROGUE","Spreading Madness",290,87
"ROGUE","Shadowfiend",289,138
"WARLOCK","Fearsome Doomguard",289,161
"HUNTER","Wolfrider",289,115
"ROGUE","Worthless Imp",289,112
"ROGUE","Spellslinger",288,128
"SHAMAN","Cursed!",287,126
"ROGUE","Kabal Lackey",287,147
"HUNTER","Lock and Load",287,105
"PRIEST","Kodorider",287,163
"MAGE","Secretkeeper",286,126
"MAGE","Blastcrystal Potion",286,118
"ROGUE","Obsidian Destroyer",286,174
"PRIEST","Arcane Giant",286,136
"ROGUE","Bloodlust",286,229
"PRIEST","Grommash Hellscream",286,196
"ROGUE","Lightspawn",285,136
"ROGUE","Axe Flinger",285,127
"PALADIN","Cyclopian Horror",285,115
"PALADIN","Alexstrasza",285,167
"DRUID","Jade Golem",284,177
"DRUID","Weasel Tunneler",284,135
"ROGUE","Mirror Image",283,127
"PRIEST","Jade Shuriken",283,138
"PRIEST","Twin Emperor Vek'lor",282,128
"DRUID","Sunwalker",282,132
"PRIEST","Blizzard",281,135
"HUNTER","Abusive Sergeant",281,120
"ROGUE","Sorcerer's Apprentice",281,140
"ROGUE","Mass Dispel",281,127
"ROGUE","Mana Geode",281,124
"PRIEST","Execute",280,169
"ROGUE","Harrison Jones",280,126
"ROGUE","Power Word: Glory",280,112
"DRUID","Twilight Guardian",279,130
"ROGUE","Menagerie Warden",279,128
"WARLOCK","Infested Tauren",279,141
"ROGUE","Dreadsteed",279,112
"MAGE","Faerie Dragon",279,118
"DRUID","Ysera Awakens",279,209
"WARRIOR","The Black Knight",279,127
"ROGUE","Kabal Trafficker",279,136
"ROGUE","Entomb",278,128
"ROGUE","Power Word: Tentacles",278,134
"PALADIN","Tuskarr Jouster",278,122
"HUNTER","Stampeding Kodo",278,117
"ROGUE","Effigy",278,136
"ROGUE","Silverware Golem",278,115
"ROGUE","Cult Sorcerer",277,150
"ROGUE","Fist of Jaraxxus",277,116
"SHAMAN","Lotus Illusionist",276,123
"ROGUE","Greater Arcane Missiles",276,126
"ROGUE","Animated Armor",276,112
"ROGUE","Darkshire Alchemist",276,108
"WARRIOR","Arcane Giant",275,121
"ROGUE","Greater Healing Potion",275,103
"ROGUE","Servant of Yogg-Saron",275,102
"ROGUE","Everyfin is Awesome",274,179
"ROGUE","Water Elemental",274,131
"ROGUE","Medivh's Valet",273,136
"PRIEST","Ragnaros, Lightlord",273,104
"DRUID","Argent Horserider",273,144
"PRIEST","Volcanic Potion",273,114
"ROGUE","Forbidden Flame",272,121
"WARLOCK","Wolfrider",272,124
"ROGUE","Forbidden Ritual",272,96
"MAGE","Cairne Bloodhoof",271,156
"WARLOCK","Kara Kazham!",270,94
"HUNTER","Princess Huhuran",270,121
"PALADIN","Twilight Elder",270,118
"ROGUE","Onyx Bishop",270,136
"SHAMAN","Jade Golem",270,175
"ROGUE","Hellfire",269,138
"DRUID","Jungle Moonkin",269,163
"DRUID","Kobold Geomancer",269,142
"DRUID","Worthless Imp",269,164
"ROGUE","Harvest Golem",268,103
"DRUID","Reno Jackson",268,112
"ROGUE","Twilight Flamecaller",268,120
"ROGUE","Violet Illusionist",268,133
"SHAMAN","Abusive Sergeant",268,126
"DRUID","Dream",268,177
"WARLOCK","Huge Toad",268,114
"ROGUE","Kara Kazham!",268,125
"MAGE","Raza the Chained",267,148
"ROGUE","Convert",267,111
"ROGUE","Spellbender",267,149
"ROGUE","Siphon Soul",266,104
"ROGUE","Mind Blast",266,161
"ROGUE","Dragon's Breath",266,138
"DRUID","Medivh, the Guardian",266,149
"WARLOCK","Frostbolt",266,137
"PRIEST","Power Word: Tentacles",265,143
"ROGUE","Dragonfire Potion",263,74
"ROGUE","Cenarius",263,131
"PALADIN","Sunwalker",263,102
"WARLOCK","Reinforce",263,88
"WARLOCK","Grimscale Oracle",262,116
"SHAMAN","Madam Goya",262,157
"PRIEST","Polluted Hoarder",261,118
"ROGUE","Summoning Portal",261,124
"SHAMAN","Big-Time Racketeer",261,111
"PALADIN","Nefarian",261,137
"ROGUE","Polymorph",260,97
"WARLOCK","Usher of Souls",260,136
"MAGE","Greater Healing Potion",260,107
"PRIEST","Freezing Potion",260,129
"MAGE","Prince Malchezaar",260,120
"PRIEST","The Storm Guardian",259,147
"WARLOCK","Illidan Stormrage",259,138
"DRUID","Ancient of Lore",258,129
"ROGUE","Faceless Summoner",258,135
"DRUID","Icehowl",258,141
"PRIEST","Mirror Image",258,128
"WARLOCK","Babbling Book",257,110
"ROGUE","Kirin Tor Mage",257,121
"MAGE","Squire",256,162
"PRIEST","Bash",256,181
"ROGUE","Dalaran Aspirant",256,132
"DRUID","Volcanic Lumberer",256,137
"ROGUE","Spawn of Shadows",256,129
"ROGUE","Vaporize",255,100
"WARLOCK","Tinkmaster Overspark",255,114
"ROGUE","Shadowflame",255,118
"MAGE","Chillmaw",255,129
"PRIEST","Mirror Entity",254,157
"ROGUE","Archmage Antonidas",254,149
"PRIEST","Crazed Alchemist",253,123
"WARLOCK","Injured Kvaldir",253,121
"ROGUE","Void Terror",253,110
"WARLOCK","Freezing Potion",253,96
"DRUID","Cursed!",251,140
"ROGUE","Kobold Geomancer",251,98
"ROGUE","Volcanic Potion",251,88
"SHAMAN","Frost Shock",251,140
"ROGUE","Faceless Manipulator",250,124
"ROGUE","Volcanic Lumberer",250,119
"ROGUE","Renounce Darkness",250,82
"WARLOCK","Loot Hoarder",250,99
"ROGUE","Abyssal Enforcer",250,135
"DRUID","Celestial Dreamer",250,141
"ROGUE","Twilight Darkmender",249,109
"ROGUE","Ice Lance",249,113
"DRUID","Infested Tauren",249,115
"MAGE","Fireblast Rank 2",248,122
"MAGE","Spellbreaker",248,110
"PRIEST","Weasel Tunneler",248,117
"ROGUE","Confessor Paletress",248,110
"WARRIOR","Dire Wolf Alpha",248,122
"WARLOCK","Sense Demons",247,91
"ROGUE","Fallen Hero",247,121
"PRIEST","Flamewaker",247,157
"PALADIN","Silent Knight",247,95
"PRIEST","Counterspell",247,168
"ROGUE","Lesser Heal",247,122
"ROGUE","Crystalweaver",246,116
"ROGUE","Dread Infernal",246,119
"WARLOCK","Potion of Polymorph",246,128
"DRUID","Bilefin Tidehunter",245,92
"HUNTER","Don Han'Cho",245,97
"WARRIOR","Huge Toad",245,107
"ROGUE","Cone of Cold",245,89
"ROGUE","Arcane Explosion",244,97
"PALADIN","Hand of Protection",243,87
"ROGUE","Seadevil Stinger",243,101
"ROGUE","Hooded Acolyte",243,99
"WARLOCK","Murloc Tidehunter",242,77
"DRUID","Arch-Thief Rafaam",242,148
"SHAMAN","Jade Golem",242,147
"ROGUE","Pit Lord",241,126
"ROGUE","Demonwrath",241,97
"SHAMAN","Novice Engineer",241,106
"ROGUE","Auchenai Soulpriest",240,108
"ROGUE","Purify",239,106
"ROGUE","Demented Frostcaller",239,102
"PRIEST","Excess Mana",238,72
"PRIEST","Shadowstep",238,148
"ROGUE","Circle of Healing",238,127
"HUNTER","King Krush",238,117
"DRUID","Emerald Drake",238,142
"DRUID","Bananas",238,144
"ROGUE","Netherspite Historian",237,90
"SHAMAN","Blackwing Corruptor",237,106
"ROGUE","Cabal Shadow Priest",237,120
"ROGUE","Ethereal Arcanist",236,97
"ROGUE","Confuse",236,91
"PALADIN","Soggoth the Slitherer",236,112
"ROGUE","Temple Enforcer",235,127
"SHAMAN","Ysera Awakens",235,168
"PRIEST","Prince Malchezaar",235,121
"PRIEST","Conceal",234,145
"ROGUE","Ice Barrier",234,86
"ROGUE","Silithid Swarmer",234,111
"ROGUE","Armor Up!",234,74
"ROGUE","Malkorok",234,124
"ROGUE","Manic Soulcaster",233,115
"PALADIN","Stand Against Darkness",233,92
"ROGUE","Usher of Souls",233,101
"DRUID","Leeroy Jenkins",233,148
"PALADIN","Twilight Summoner",232,119
"DRUID","Wildwalker",232,104
"ROGUE","Kun the Forgotten King",232,119
"PRIEST","Ivory Knight",231,103
"PRIEST","Spellbreaker",231,108
"WARLOCK","Street Trickster",230,100
"PRIEST","Sen'jin Shieldmasta",230,73
"ROGUE","Ice Block",230,116
"HUNTER","Patches the Pirate",229,72
"ROGUE","Shapeshift",229,122
"PRIEST","Lightwarden",229,114
"WARLOCK","Firelands Portal",229,136
"ROGUE","Tentacles for Arms",228,80
"MAGE","Animated Armor",228,92
"WARLOCK","Greater Healing Potion",228,118
"ROGUE","Herald Volazj",227,116
"ROGUE","Cryomancer",226,87
"HUNTER","Worgen Infiltrator",226,91
"HUNTER","Armor Up!",225,85
"HUNTER","Jungle Panther",225,74
"PRIEST","Anubisath Sentinel",223,112
"ROGUE","Blizzard",223,76
"ROGUE","Void Crusher",223,78
"ROGUE","Steady Shot",223,105
"ROGUE","Sacrificial Pact",222,143
"WARRIOR","Hungry Dragon",222,84
"ROGUE","Rhonin",222,103
"PRIEST","Upgrade!",222,131
"ROGUE","Shadow Word: Horror",221,96
"MAGE","Voidwalker",221,116
"SHAMAN","Dream",221,126
"WARLOCK","Ice Block",221,112
"MAGE","Imp Gang Boss",221,121
"PRIEST","Burgly Bully",220,111
"PRIEST","Jade Blossom",220,85
"HUNTER","Brann Bronzebeard",219,78
"WARRIOR","Wrathion",219,79
"ROGUE","Doomguard",219,129
"HUNTER","Cairne Bloodhoof",219,107
"DRUID","Netherspite Historian",219,110
"MAGE","Map to the Golden Monkey",219,100
"ROGUE","Flame Lance",219,98
"PALADIN","Southsea Captain",218,103
"PRIEST","Crazed Worshipper",218,90
"MAGE","Museum Curator",218,100
"HUNTER","Second-Rate Bruiser",218,73
"SHAMAN","Emerald Drake",218,140
"MAGE","Shadow Word: Pain",216,78
"WARLOCK","Forgotten Torch",216,108
"WARLOCK","Spreading Madness",216,76
"WARLOCK","Dragonfire Potion",216,95
"SHAMAN","Arcanosmith",216,71
"DRUID","Doomcaller",216,91
"HUNTER","Piranha Launcher",215,105
"WARLOCK","Polymorph",215,97
"WARLOCK","Ethereal Conjurer",215,107
"MAGE","Thoughtsteal",215,102
"HUNTER","Leper Gnome",214,80
"WARRIOR","Onyxia",214,91
"MAGE","Shadow Word: Death",214,103
"ROGUE","Twin Emperor Vek'lor",214,94
"DRUID","Laughing Sister",214,133
"ROGUE","Dire Wolf Alpha",214,108
"PRIEST","Dire Wolf Alpha",213,125
"SHAMAN","Charged Hammer",213,92
"WARRIOR","Excavated Evil",213,59
"MAGE","Holy Nova",213,116
"ROGUE","Flamestrike",212,72
"PALADIN","Elise Starseeker",212,91
"PRIEST","Bomb Squad",212,95
"ROGUE","Gorehowl",212,135
"ROGUE","Mind Control Tech",212,88
"ROGUE","Rampage",212,110
"ROGUE","Knight of the Wild",212,86
"SHAMAN","Laughing Sister",211,125
"WARLOCK","Golden Monkey",211,86
"ROGUE","Kabal Crystal Runner",211,95
"WARLOCK","Dagger Mastery",211,55
"PRIEST","Flame Lance",210,108
"ROGUE","Shield Slam",210,89
"ROGUE","Youthful Brewmaster",210,82
"WARLOCK","Museum Curator",209,109
"HUNTER","Avian Watcher",209,75
"HUNTER","Totemic Call",209,56
"ROGUE","Weasel Tunneler",208,89
"ROGUE","Kidnapper",208,98
"ROGUE","Frost Nova",208,83
"DRUID","Abusive Sergeant",208,103
"MAGE","Infested Tauren",208,107
"SHAMAN","Stoneclaw Totem",207,118
"SHAMAN","Nightmare",207,147
"ROGUE","Sea Reaver",207,100
"SHAMAN","Corrupted Seer",207,63
"ROGUE","Prophet Velen",206,99
"WARLOCK","Polymorph: Boar",206,106
"HUNTER","Jeweled Scarab",206,77
"ROGUE","Jeweled Scarab",205,68
"MAGE","Holy Fire",205,108
"HUNTER","Coldlight Oracle",205,64
"DRUID","Blackwing Corruptor",205,99
"PRIEST","Steady Shot",205,110
"WARLOCK","Cabalist's Tome",205,88
"MAGE","Siphon Soul",204,104
"WARLOCK","Volcanic Potion",204,86
"WARRIOR","Bloodmage Thalnos",204,71
"WARRIOR","Spellbreaker",203,75
"ROGUE","Fearsome Doomguard",203,74
"WARRIOR","Abusive Sergeant",203,100
"ROGUE","Coldarra Drake",203,100
"HUNTER","Tomb Spider",202,77
"MAGE","Entomb",202,105
"WARRIOR","Mind Control Tech",202,71
"ROGUE","Raza the Chained",202,98
"SHAMAN","Forked Lightning",202,65
"WARLOCK","Coldlight Seer",202,75
"WARRIOR","Scaled Nightmare",201,110
"PRIEST","Pyroblast",200,164
"PRIEST","Slam",200,114
"WARLOCK","Potion of Madness",200,104
"WARLOCK","Reckless Rocketeer",200,122
"DRUID","Madam Goya",200,108
"PRIEST","Questing Adventurer",199,99
"WARLOCK","Void Crusher",198,87
"WARRIOR","Bananas",198,87
"PRIEST","Gorehowl",197,147
"MAGE","Sen'jin Shieldmasta",197,69
"ROGUE","Excess Mana",197,68
"MAGE","Confessor Paletress",197,105
"PALADIN","Shieldbearer",196,79
"ROGUE","Darkshire Librarian",196,79
"MAGE","Dreadsteed",196,113
"WARRIOR","Deathwing, Dragonlord",196,89
"SHAMAN","Twilight Drake",196,94
"MAGE","Demented Frostcaller",195,65
"PRIEST","Armor Up!",195,66
"WARRIOR","Sunwalker",195,57
"SHAMAN","Moat Lurker",195,84
"ROGUE","Fool's Bane",194,74
"ROGUE","Stolen Goods",194,77
"ROGUE","Argent Commander",194,75
"DRUID","Nightmare",194,153
"ROGUE","Inner Fire",194,77
"PRIEST","Temple Enforcer",193,104
"DRUID","Jade Golem",192,119
"PRIEST","Bog Creeper",192,80
"PALADIN","Volcanic Drake",192,78
"SHAMAN","Dire Wolf Alpha",192,97
"PRIEST","Tunnel Trogg",192,92
"ROGUE","Blade Flurry",192,62
"MAGE","Twisting Nether",191,105
"WARLOCK","Sergeant Sally",190,87
"PRIEST","Doomguard",190,130
"MAGE","Bane of Doom",190,101
"WARRIOR","Mistress of Mixtures",189,75
"ROGUE","Polluted Hoarder",188,84
"MAGE","Felguard",188,102
"WARRIOR","Genzo, the Shark",188,89
"MAGE","Shadow Bolt",188,91
"ROGUE","Sense Demons",188,72
"ROGUE","Captain Greenskin",188,83
"PRIEST","Animal Companion",188,128
"MAGE","The Curator",187,100
"SHAMAN","Jade Golem",187,117
"ROGUE","Cho'gall",187,73
"PRIEST","Moat Lurker",186,81
"MAGE","Blood Imp",186,98
"PRIEST","Alley Armorsmith",186,113
"PRIEST","Convert",186,84
"WARLOCK","Blizzard",186,77
"MAGE","Shifting Shade",185,100
"SHAMAN","Reno Jackson",185,92
"ROGUE","Brawl",185,27
"SHAMAN","The Mistcaller",185,84
"PALADIN","Blood Knight",185,82
"PALADIN","Twilight Geomancer",185,62
"ROGUE","Aviana",185,71
"MAGE","Power Word: Shield",184,85
"WARRIOR","Leper Gnome",184,83
"ROGUE","Life Tap",183,78
"PRIEST","Fandral Staghelm",182,79
"ROGUE","Blood Warriors",182,74
"SHAMAN","Bog Creeper",182,91
"ROGUE","Succubus",181,63
"ROGUE","Cursed Blade",181,77
"ROGUE","Abomination",181,38
"ROGUE","Mind Control",180,83
"ROGUE","Poisoned Blade",179,81
"WARLOCK","Shadow Word: Death",179,96
"WARLOCK","Counterspell",179,107
"MAGE","Forbidden Shaping",179,91
"PRIEST","Demonwrath",179,62
"ROGUE","Grommash Hellscream",179,111
"PRIEST","Kun the Forgotten King",178,103
"ROGUE","Twisting Nether",178,58
"WARLOCK","Raza the Chained",177,98
"MAGE","Coldarra Drake",177,106
"MAGE","Shadowform",176,93
"WARLOCK","Demonfuse",176,82
"WARLOCK","Shadow Word: Pain",175,96
"WARRIOR","Nexus-Champion Saraad",175,74
"DRUID","Questing Adventurer",175,87
"WARLOCK","Secretkeeper",175,79
"WARLOCK","Faceless Summoner",175,92
"WARLOCK","Water Elemental",175,92
"PRIEST","Ice Barrier",174,82
"MAGE","Hellfire",174,91
"MAGE","Malchezaar's Imp",173,80
"MAGE","Dread Infernal",173,90
"PRIEST","Frost Nova",172,74
"ROGUE","Sunfury Protector",172,71
"HUNTER","Wild Pyromancer",172,50
"HUNTER","Burgly Bully",172,87
"PALADIN","Drakonid Crusher",171,89
"MAGE","Summoning Stone",171,78
"PRIEST","Evolve",171,82
"PRIEST","Quick Shot",171,112
"DRUID","Arcane Anomaly",171,85
"HUNTER","Gladiator's Longbow",170,75
"WARLOCK","N'Zoth, the Corruptor",170,110
"MAGE","Deathwing",170,65
"PRIEST","Southsea Deckhand",170,85
"WARLOCK","Flamestrike",170,77
"MAGE","Lord Jaraxxus",169,101
"WARLOCK","Toxic Sewer Ooze",169,83
"WARLOCK","Southsea Captain",169,88
"ROGUE","Dark Bargain",169,45
"PALADIN","Scarlet Crusader",169,64
"PRIEST","Savannah Highmane",169,129
"PRIEST","Bane of Doom",169,95
"PRIEST","Shiv",169,85
"WARLOCK","Eerie Statue",168,91
"ROGUE","The Tidal Hand",168,70
"PALADIN","Elven Archer",167,67
"WARLOCK","Darkshire Alchemist",167,91
"SHAMAN","Totemic Slam",166,71
"WARLOCK","Chillmaw",166,88
"PRIEST","Journey Below",166,83
"MAGE","Cabal Shadow Priest",165,90
"HUNTER","Doppelgangster",165,58
"PRIEST","Undercity Huckster",164,86
"MAGE","Blackwing Technician",164,70
"MAGE","Holy Smite",164,74
"PRIEST","Faceless Summoner",164,87
"ROGUE","Crazed Worshipper",164,60
"WARLOCK","Mirror Image",163,69
"PALADIN","Stonetusk Boar",163,70
"PRIEST","Beneath the Grounds",163,109
"PRIEST","Big Game Hunter",163,86
"MAGE","Priest of the Feast",163,86
"WARLOCK","Mindgames",162,69
"MAGE","Mind Vision",162,72
"PRIEST","Counterfeit Coin",161,75
"PALADIN","Murloc Tinyfin",161,48
"PRIEST","Ice Lance",161,89
"DRUID","Spellbreaker",161,84
"MAGE","Darkshire Alchemist",160,89
"WARLOCK","Forbidden Flame",160,74
"ROGUE","Bolster",160,81
"PALADIN","Justicar Trueheart",160,83
"SHAMAN","Arcane Missiles",160,93
"ROGUE","Moat Lurker",159,57
"WARLOCK","Imp Master",159,58
"MAGE","Drakonid Operative",159,76
"PRIEST","Shadowfiend",158,68
"MAGE","Cryomancer",158,67
"MAGE","Prophet Velen",158,94
"WARRIOR","Worgen Infiltrator",158,65
"WARLOCK","Shifting Shade",158,78
"HUNTER","Dreadscale",157,61
"PALADIN","Arcane Anomaly",157,63
"WARLOCK","Ironbeak Owl",157,62
"MAGE","Flame Imp",157,80
"WARLOCK","Mirror Entity",157,71
"PALADIN","Eye for an Eye",157,56
"WARLOCK","Frostwolf Warlord",157,71
"SHAMAN","Draenei Totemcarver",157,65
"HUNTER","Harrison Jones",157,55
"PALADIN","Deathwing",156,49
"PRIEST","Bananas",156,88
"WARLOCK","Flame Lance",156,71
"DRUID","Ancient Brewmaster",156,82
"DRUID","Jade Golem",155,94
"WARLOCK","Kabal Talonpriest",155,81
"WARLOCK","Blackwing Technician",155,59
"PRIEST","Spawn of N'Zoth",154,82
"WARLOCK","Archmage Antonidas",154,83
"WARRIOR","Sen'jin Shieldmasta",154,48
"MAGE","Unlicensed Apothecary",154,62
"WARRIOR","Tinkmaster Overspark",154,54
"WARLOCK","Small-Time Buccaneer",153,74
"WARRIOR","Rampage",153,47
"PALADIN","Wolfrider",153,68
"WARLOCK","Soggoth the Slitherer",153,86
"WARLOCK","Mind Vision",153,71
"PRIEST","Fierce Monkey",153,91
"DRUID","Worgen Infiltrator",153,71
"WARLOCK","Holy Fire",153,78
"ROGUE","Lord Jaraxxus",153,68
"WARLOCK","Thoughtsteal",153,77
"PRIEST","The Beast",153,86
"PRIEST","Soggoth the Slitherer",152,84
"MAGE","Nefarian",152,79
"ROGUE","Anomalus",152,38
"WARRIOR","Obsidian Destroyer",152,47
"PRIEST","Argent Squire",152,84
"WARRIOR","Sparring Partner",151,46
"MAGE","Anomalus",151,60
"ROGUE","Sen'jin Shieldmasta",151,53
"PRIEST","Cursed!",151,58
"WARLOCK","Eater of Secrets",151,80
"DRUID","Twilight Geomancer",150,52
"MAGE","Fearsome Doomguard",150,89
"PALADIN","Excavated Evil",150,46
"ROGUE","Totemic Call",149,62
"SHAMAN","Book Wyrm",149,71
"PRIEST","Spirit Claws",149,100
"MAGE","Kabal Songstealer",149,74
"ROGUE","Inkmaster Solia",148,47
"WARRIOR","Cursed Blade",148,74
"WARLOCK","Ice Barrier",148,75
"WARRIOR","Arcane Missiles",147,70
"PRIEST","Naturalize",147,67
"MAGE","Street Trickster",147,83
"WARLOCK","Confessor Paletress",147,74
"HUNTER","Small-Time Buccaneer",147,57
"WARRIOR","Amani Berserker",147,62
"MAGE","Bananas",147,86
"WARLOCK","Frost Nova",147,53
"SHAMAN","Netherspite Historian",147,74
"PRIEST","Patches the Pirate",146,64
"MAGE","Mortal Coil",146,64
"PALADIN","Lorewalker Cho",146,58
"WARLOCK","Nightmare",145,111
"ROGUE","Wilfred Fizzlebang",145,47
"MAGE","Weasel Tunneler",144,86
"MAGE","The Storm Guardian",144,67
"MAGE","C'Thun",144,82
"PRIEST","Vaporize",144,68
"WARLOCK","Animated Armor",144,67
"PRIEST","Polymorph: Boar",143,82
"PRIEST","Wickerflame Burnbristle",143,79
"MAGE","Illidan Stormrage",143,82
"PRIEST","Equality",143,43
"DRUID","Gnomish Inventor",143,68
"MAGE","N'Zoth, the Corruptor",143,93
"MAGE","Onyx Bishop",142,62
"MAGE","Excess Mana",142,47
"SHAMAN","Elise Starseeker",142,60
"ROGUE","Pyroblast",142,94
"WARLOCK","Ysera Awakens",142,114
"DRUID","Knife Juggler",142,70
"SHAMAN","Jade Golem",141,88
"WARLOCK","Kabal Songstealer",141,75
"PRIEST","Wobbling Runts",141,79
"WARLOCK","Shattered Sun Cleric",141,65
"PRIEST","Al'Akir the Windlord",141,93
"PRIEST","Spellbender",140,77
"MAGE","Shadow Madness",139,68
"PALADIN","Spellbreaker",139,60
"PRIEST","Dragon's Breath",139,78
"PALADIN","Murloc Raider",139,43
"PRIEST","Totemic Call",138,88
"PALADIN","Silver Hand Recruit",138,60
"MAGE","Silence",138,69
"MAGE","Tiny Knight of Evil",138,69
"ROGUE","Embrace the Shadow",138,58
"DRUID","Justicar Trueheart",138,65
"PRIEST","Darkshire Councilman",137,100
"WARRIOR","Defender of Argus",137,47
"WARLOCK","Holy Smite",137,63
"PALADIN","Twisted Worgen",137,57
"WARLOCK","Entomb",137,61
"WARRIOR","Arch-Thief Rafaam",136,56
"MAGE","Mindgames",136,59
"PALADIN","Chromaggus",136,64
"MAGE","Mass Dispel",136,63
"DRUID","Faceless Shambler",136,75
"PRIEST","Flame Juggler",136,69
"ROGUE","Twilight Drake",136,52
"WARLOCK","Effigy",136,75
"PRIEST","Greater Arcane Missiles",135,73
"WARLOCK","Onyx Bishop",135,65
"PRIEST","Xaril, Poisoned Mind",135,70
"MAGE","Krul the Unshackled",135,81
"DRUID","N'Zoth, the Corruptor",135,79
"MAGE","Dark Peddler",135,64
"HUNTER","Novice Engineer",134,43
"SHAMAN","Bananas",134,76
"PRIEST","Argent Commander",134,68
"WARLOCK","Dragon's Breath",134,60
"WARLOCK","Power Word: Shield",133,76
"WARLOCK","Emerald Drake",133,97
"MAGE","Kabal Talonpriest",133,77
"WARLOCK","Forbidden Shaping",133,59
"PRIEST","Malchezaar's Imp",133,67
"PRIEST","Grimestreet Outfitter",133,82
"SHAMAN","Wrath of Air Totem",133,87
"PRIEST","Mana Wyrm",133,74
"WARLOCK","Violet Illusionist",133,56
"SHAMAN","Windspeaker",133,70
"PRIEST","Twilight Geomancer",132,37
"WARRIOR","Hogger",132,53
"PRIEST","Flame Imp",132,80
"WARRIOR","Twilight Geomancer",132,36
"SHAMAN","Twin Emperor Vek'lor",132,65
"PRIEST","Gnomish Inventor",132,59
"WARLOCK","Bananas",132,78
"WARRIOR","Y'Shaarj, Rage Unbound",132,67
"PRIEST","Cone of Cold",132,57
"WARLOCK","Wilfred Fizzlebang",132,59
"DRUID","Leatherclad Hogleader",131,73
"WARLOCK","Arcane Blast",131,61
"WARLOCK","Inkmaster Solia",131,76
"MAGE","Soggoth the Slitherer",131,67
"PRIEST","Abusive Sergeant",131,82
"WARLOCK","The Black Knight",131,76
"DRUID","Refreshment Vendor",131,47
"PRIEST","Smuggler's Run",131,75
"SHAMAN","Healing Totem",130,75
"WARRIOR","Nozdormu",130,67
"PRIEST","Effigy",129,79
"PRIEST","Corruption",129,46
"WARLOCK","Greater Arcane Missiles",129,64
"ROGUE","DOOM!",129,52
"WARLOCK","Cyclopian Horror",128,52
"WARLOCK","The Curator",128,54
"WARLOCK","Psych-o-Tron",128,57
"WARLOCK","Blowgill Sniper",128,42
"WARRIOR","Menagerie Magician",128,57
"ROGUE","Daring Reporter",128,40
"WARLOCK","Bog Creeper",128,79
"ROGUE","Worgen Infiltrator",128,61
"PALADIN","C'Thun",127,76
"WARRIOR","Blood Warriors",127,58
"WARLOCK","Manic Soulcaster",127,69
"WARRIOR","Doppelgangster",127,42
"MAGE","Resurrect",126,53
"WARLOCK","Cone of Cold",126,49
"WARLOCK","Resurrect",126,58
"WARRIOR","Bog Creeper",126,42
"PRIEST","Y'Shaarj, Rage Unbound",126,75
"PRIEST","Kabal Trafficker",126,74
"MAGE","Pit Lord",126,59
"ROGUE","INFERNO!",125,57
"SHAMAN","Southsea Captain",125,62
"MAGE","Big Game Hunter",124,72
"DRUID","Wrathion",124,65
"PALADIN","Stormwind Knight",124,53
"ROGUE","Cursed!",124,65
"WARLOCK","Rhonin",124,69
"PRIEST","Rhonin",123,69
"MAGE","Bloodfury Potion",123,68
"WARLOCK","Vaporize",123,69
"ROGUE","Abusive Sergeant",122,50
"ROGUE","Book Wyrm",122,48
"DRUID","Nexus-Champion Saraad",122,52
"WARLOCK","Shadow Madness",122,65
"ROGUE","Ancient Shieldbearer",122,43
"MAGE","Gnomish Inventor",122,52
"PRIEST","Life Tap",122,52
"WARLOCK","Power Word: Glory",121,59
"MAGE","Dalaran Aspirant",121,56
"ROGUE","Selfless Hero",121,72
"WARRIOR","Cursed!",121,59
"PRIEST","Bloodfury Potion",120,61
"ROGUE","Grimestreet Outfitter",120,63
"DRUID","Tomb Spider",120,45
"MAGE","Pint-Size Potion",120,49
"SHAMAN","Knife Juggler",120,49
"SHAMAN","Arcane Giant",120,62
"SHAMAN","Burgly Bully",120,45
"ROGUE","Smuggler's Run",120,64
"PALADIN","Crazed Worshipper",120,41
"WARLOCK","Spellbender",120,70
"DRUID","King Mukla",119,59
"ROGUE","Krul the Unshackled",119,34
"WARLOCK","Mind Spike",119,62
"ROGUE","Dark Iron Dwarf",119,49
"MAGE","Mind Control",119,72
"ROGUE","Runic Egg",119,50
"PRIEST","Grimestreet Enforcer",119,73
"WARLOCK","Flamewaker",118,59
"WARLOCK","Servant of Yogg-Saron",118,48
"PALADIN","Faceless Manipulator",118,61
"PRIEST","Zealous Initiate",118,60
"HUNTER","Yogg-Saron, Hope's End",118,34
"WARLOCK","Holy Nova",118,69
"WARRIOR","Ironbeak Owl",118,47
"ROGUE","Astral Communion",118,21
"ROGUE","Hand of Protection",118,75
"WARLOCK","Dream",117,81
"WARLOCK","Lightwell",117,56
"WARLOCK","Bloodsail Raider",117,59
"MAGE","Kabal Trafficker",116,57
"PRIEST","Sorcerer's Apprentice",116,67
"WARLOCK","Ice Lance",116,45
"ROGUE","Leper Gnome",116,44
"WARRIOR","Axe Flinger",116,47
"PRIEST","Tournament Medic",116,58
"DRUID","Blackwing Technician",116,47
"WARRIOR","Volcanic Drake",116,57
"ROGUE","Drakonid Crusher",116,63
"HUNTER","Twilight Guardian",115,33
"WARLOCK","Priest of the Feast",115,68
"WARLOCK","Silence",115,52
"ROGUE","Blessing of Kings",115,77
"PRIEST","Doomcaller",115,48
"PRIEST","Elemental Destruction",115,40
"PALADIN","Dream",115,72
"PALADIN","Twin Emperor Vek'lor",115,59
"DRUID","Ironbeak Owl",115,51
"ROGUE","Wickerflame Burnbristle",114,69
"SHAMAN","Youthful Brewmaster",114,56
"PRIEST","Inkmaster Solia",114,54
"SHAMAN","Deathwing",114,43
"WARRIOR","Wickerflame Burnbristle",114,52
"WARLOCK","Coldlight Oracle",114,42
"PRIEST","Sunwalker",114,57
"PRIEST","Knife Juggler",113,72
"PRIEST","Rend Blackhand",113,55
"MAGE","DOOM!",113,56
"SHAMAN","Faceless Shambler",113,61
"ROGUE","Blessing of Wisdom",113,70
"WARRIOR","Tirion Fordring",113,53
"PALADIN","Scaled Nightmare",113,56
"ROGUE","Gnomish Inventor",112,30
"MAGE","Power Word: Glory",112,46
"PRIEST","Runic Egg",112,37
"WARLOCK","Cabal Shadow Priest",112,60
"ROGUE","Steward of Darkshire",112,54
"WARRIOR","Lorewalker Cho",112,48
"WARLOCK","Sunwalker",112,59
"PRIEST","Shield Block",112,75
"WARLOCK","Arcane Intellect",112,56
"DRUID","Stonetusk Boar",111,45
"PRIEST","Aviana",111,65
"WARRIOR","The Skeleton Knight",111,46
"WARRIOR","Stampeding Kodo",111,45
"DRUID","Big Game Hunter",111,54
"PRIEST","Injured Kvaldir",111,49
"DRUID","Book Wyrm",111,42
"WARLOCK","Laughing Sister",111,76
"PRIEST","Felguard",110,67
"PALADIN","Sergeant Sally",110,41
"PALADIN","Corrupted Seer",110,30
"SHAMAN","C'Thun",110,69
"PALADIN","Zoobot",110,35
"ROGUE","Grimestreet Enforcer",110,60
"ROGUE","Silvermoon Portal",109,56
"MAGE","Void Crusher",109,52
"DRUID","Fight Promoter",109,87
"MAGE","Demonwrath",109,50
"ROGUE","Keeper of Uldaman",109,74
"WARRIOR","Eadric the Pure",109,34
"PRIEST","Reinforce",109,63
"WARLOCK","Flash Heal",109,60
"ROGUE","Murloc Knight",109,63
"WARLOCK","Doomcaller",109,67
"DRUID","Ancient of Blossoms",109,52
"PRIEST","Sinister Strike",108,81
"ROGUE","Truesilver Champion",108,60
"DRUID","Prince Malchezaar",108,52
"ROGUE","The Skeleton Knight",108,52
"WARRIOR","Hogger, Doom of Elwynn",108,46
"PRIEST","Tentacle of N'Zoth",108,30
"PALADIN","Ysera Awakens",108,75
"MAGE","Arcane Anomaly",107,41
"ROGUE","Argent Protector",107,61
"HUNTER","Brave Archer",107,38
"MAGE","Void Terror",107,49
"PRIEST","Bloodsail Corsair",107,63
"HUNTER","Dagger Mastery",107,54
"PRIEST","Bloodsail Raider",107,67
"PRIEST","Dark Arakkoa",106,61
"ROGUE","Anubisath Sentinel",106,61
"DRUID","The Black Knight",106,52
"PALADIN","Weasel Tunneler",106,47
"PALADIN","Nightmare",106,71
"MAGE","Eater of Secrets",106,37
"WARRIOR","Midnight Drake",106,47
"DRUID","Argent Commander",106,48
"WARLOCK","Twilight Geomancer",106,52
"ROGUE","Elise Starseeker",106,35
"HUNTER","Menagerie Magician",106,49
"ROGUE","Consecration",105,63
"DRUID","Hogger, Doom of Elwynn",105,54
"WARRIOR","Moroes",105,40
"PRIEST","Arcane Explosion",105,57
"PALADIN","Mad Bomber",105,46
"WARRIOR","Weasel Tunneler",105,38
"PRIEST","Blood Imp",105,52
"PALADIN","The Silver Hand",105,63
"SHAMAN","Huge Toad",105,44
"MAGE","Faceless Manipulator",105,51
"WARRIOR","Jeweled Scarab",105,38
"HUNTER","Bloodsail Raider",105,38
"ROGUE","Argent Lance",105,52
"MAGE","Harvest Golem",104,52
"PALADIN","Daring Reporter",104,37
"ROGUE","A Light in the Darkness",104,49
"ROGUE","Redemption",104,66
"ROGUE","Noble Sacrifice",104,58
"SHAMAN","Soggoth the Slitherer",104,52
"WARRIOR","Xaril, Poisoned Mind",104,46
"DRUID","Twilight Drake",103,52
"ROGUE","Wolfrider",103,32
"DRUID","Earthen Ring Farseer",103,48
"WARRIOR","Bolf Ramshield",103,41
"WARRIOR","Auctionmaster Beardo",103,38
"HUNTER","Ironbeak Owl",103,35
"ROGUE","Rallying Blade",103,60
"DRUID","Sapling",102,62
"WARLOCK","Mass Dispel",102,50
"MAGE","Sir Finley Mrrgglton",102,36
"ROGUE","Tirion Fordring",102,64
"DRUID","Cult Master",102,53
"MAGE","Twin Emperor Vek'lor",102,39
"WARLOCK","Raid Leader",102,59
"HUNTER","Dirty Rat",102,35
"ROGUE","Explorer's Hat",102,57
"PRIEST","Dread Infernal",102,65
"ROGUE","Hammer of Wrath",102,60
"MAGE","Shadowflame",102,55
"PRIEST","Lotus Agents",101,54
"ROGUE","Divine Strength",101,66
"WARLOCK","Twilight Flamecaller",101,48
"PALADIN","Crazed Alchemist",101,49
"ROGUE","Reinforce",101,25
"ROGUE","Repentance",101,59
"PALADIN","Friendly Bartender",101,30
"ROGUE","Sword of Justice",101,49
"ROGUE","Light's Justice",101,60
"PRIEST","Keeper of Uldaman",101,55
"PRIEST","Ravaging Ghoul",100,53
"WARRIOR","Nat, the Darkfisher",100,29
"DRUID","Twilight Summoner",100,52
"DRUID","Goldshire Footman",100,56
"ROGUE","Competitive Spirit",100,63
"HUNTER","Ironfur Grizzly",100,33
"MAGE","Armor Up!",100,31
